id_processo,id_cliente,id_fornecedor,incoterm,modal,data_embarque,data_chegada_prevista,data_chegada_real,status,taxa_cambio_usd_brl
1,103,52,CIF,Marítimo,2023-04-08,2023-05-22,2023-05-20,Entregue,5.0139
2,75,75,CIF,Aéreo,2022-07-11,2022-07-22,2022-07-27,Atrasado,4.9819
3,88,100,CIF,Marítimo,2022-06-19,2022-08-14,2022-08-13,Entregue,4.9742
4,53,2,EXW,Marítimo,2022-07-15,2022-09-11,2022-09-11,Entregue,4.8351
5,88,30,EXW,Aéreo,2024-08-31,2024-09-09,2024-09-08,Desembaraçado,5.4619
6,21,33,CIF,Marítimo,2022-03-09,2022-04-14,2022-04-14,Desembaraçado,4.8
7,58,22,FOB,Marítimo,2024-03-26,2024-04-24,2024-04-23,Entregue,5.1201
8,188,80,FOB,Aéreo,2023-11-11,2023-11-22,2023-11-20,Desembaraçado,5.3829
9,15,62,FOB,Marítimo,2023-12-10,2024-01-07,2024-01-07,Entregue,5.359
10,108,55,CIF,Marítimo,2024-03-23,2024-05-07,2024-05-07,Entregue,5.3184
11,64,3,FOB,Marítimo,2024-02-08,2024-03-31,2024-04-11,Atrasado,5.4275
12,73,39,CIF,Marítimo,2023-05-20,2023-06-18,2023-06-17,Entregue,5.2788
13,18,4,FOB,Aéreo,2024-03-08,2024-03-18,2024-03-17,Entregue,5.4107
14,9,90,FOB,Marítimo,2023-07-07,2023-08-07,2023-08-06,Entregue,5.2948
15,53,2,CIF,Marítimo,2022-07-31,2022-08-26,2022-09-10,Atrasado,4.8864
16,199,44,FOB,Marítimo,2024-02-28,2024-03-24,2024-03-23,Desembaraçado,5.6148
17,8,47,CIF,Marítimo,2023-05-13,2023-07-10,2023-07-10,Desembaraçado,5.1273
18,50,4,FOB,Marítimo,2022-10-26,2022-11-24,2022-11-24,Entregue,4.885
19,2,6,FOB,Marítimo,2023-05-31,2023-07-10,2023-07-10,Entregue,5.226
20,191,18,FOB,Marítimo,2023-09-16,2023-10-11,2023-10-12,Atrasado,5.1012
21,44,34,EXW,Marítimo,2024-06-20,2024-08-05,2024-08-05,Entregue,5.5613
22,95,48,FOB,Marítimo,2023-02-16,2023-04-12,2023-04-26,Atrasado,5.0884
23,15,72,CIF,Marítimo,2024-10-02,2024-11-11,2024-11-09,Entregue,5.6499
24,190,40,FOB,Marítimo,2023-02-14,2023-04-14,2023-04-25,Atrasado,5.4262
25,82,53,EXW,Marítimo,2023-03-06,2023-04-28,2023-04-27,Desembaraçado,5.1779
26,188,41,CIF,Aéreo,2024-10-19,2024-10-26,2024-10-24,Entregue,5.5787
27,157,15,FOB,Marítimo,2024-02-12,2024-03-12,2024-03-12,Entregue,5.1554
28,136,88,CIF,Marítimo,2024-05-06,2024-07-04,2024-07-03,Entregue,5.2796
29,63,11,CIF,Aéreo,2022-06-24,2022-06-30,2022-07-02,Atrasado,5.0072
30,163,33,CIF,Marítimo,2024-03-29,2024-05-14,2024-05-14,Entregue,5.3062
31,123,5,FOB,Marítimo,2024-11-28,2025-01-27,2025-01-27,Em trânsito,5.6239
32,28,7,FOB,Marítimo,2024-08-06,2024-10-02,2024-09-30,Desembaraçado,5.5844
33,72,12,EXW,Marítimo,2022-06-25,2022-07-27,2022-08-02,Atrasado,4.8741
34,151,62,CIF,Marítimo,2023-02-28,2023-04-27,2023-04-26,Desembaraçado,5.0958
35,37,99,CIF,Marítimo,2022-05-18,2022-07-01,2022-07-01,Entregue,4.8
36,35,65,FOB,Marítimo,2022-12-03,2023-01-12,2023-01-10,Entregue,5.1292
37,101,47,EXW,Marítimo,2023-04-20,2023-06-09,2023-06-08,Desembaraçado,5.2731
38,142,27,FOB,Marítimo,2023-02-09,2023-04-03,2023-04-13,Atrasado,5.1992
39,137,79,FOB,Marítimo,2022-05-09,2022-06-09,2022-06-11,Atrasado,4.8484
40,179,63,CIF,Marítimo,2023-06-22,2023-08-17,2023-08-16,Entregue,5.1965
41,96,52,FOB,Marítimo,2022-08-22,2022-10-08,2022-10-07,Entregue,5.1905
42,151,15,CIF,Aéreo,2023-09-02,2023-09-16,2023-09-16,Desembaraçado,5.3276
43,171,29,FOB,Marítimo,2023-01-10,2023-02-27,2023-02-26,Entregue,4.9842
44,66,42,CIF,Marítimo,2024-05-16,2024-06-21,2024-07-06,Atrasado,5.3909
45,45,62,EXW,Marítimo,2022-12-08,2023-02-02,2023-02-10,Atrasado,5.1662
46,28,44,FOB,Marítimo,2024-01-06,2024-01-31,2024-01-30,Desembaraçado,5.3921
47,84,30,CIF,Aéreo,2024-10-10,2024-10-21,2024-10-20,Desembaraçado,5.5204
48,92,89,FOB,Marítimo,2022-03-05,2022-04-13,2022-04-13,Entregue,4.9375
49,190,97,CIF,Marítimo,2024-10-11,2024-12-10,2024-12-09,Entregue,5.6644
50,121,77,EXW,Aéreo,2024-01-22,2024-02-04,2024-02-19,Atrasado,5.2073
51,3,70,FOB,Marítimo,2024-05-20,2024-06-20,2024-06-29,Atrasado,5.1355
52,165,97,EXW,Marítimo,2024-07-10,2024-08-20,2024-08-30,Atrasado,5.5339
53,51,44,CIF,Aéreo,2023-05-01,2023-05-09,2023-05-08,Entregue,5.0847
54,160,96,CIF,Aéreo,2024-05-26,2024-06-02,2024-06-01,Entregue,5.397
55,180,62,CIF,Aéreo,2023-07-30,2023-08-13,2023-08-13,Entregue,5.2301
56,113,56,CIF,Marítimo,2024-11-19,2024-12-20,2025-01-02,Atrasado,5.3909
57,81,59,EXW,Aéreo,2022-09-17,2022-09-24,2022-09-24,Entregue,5.002
58,54,87,EXW,Marítimo,2024-03-15,2024-05-10,2024-05-10,Entregue,5.7001
59,129,19,CIF,Marítimo,2022-07-10,2022-08-29,2022-08-27,Entregue,4.9834
60,160,70,CIF,Aéreo,2024-09-26,2024-10-06,2024-10-06,Entregue,5.7881
61,160,68,CIF,Aéreo,2024-01-04,2024-01-10,2024-01-10,Entregue,5.3254
62,145,38,FOB,Marítimo,2023-07-04,2023-08-18,2023-08-17,Entregue,5.1301
63,24,69,EXW,Marítimo,2023-12-05,2024-01-02,2024-01-02,Desembaraçado,5.4972
64,139,16,FOB,Aéreo,2024-07-23,2024-07-28,2024-07-27,Entregue,5.6693
65,97,73,FOB,Marítimo,2023-09-11,2023-10-16,2023-11-02,Atrasado,5.1458
66,93,3,FOB,Marítimo,2022-12-05,2023-01-02,2022-12-31,Entregue,4.9862
67,148,59,FOB,Aéreo,2022-07-06,2022-07-12,2022-07-12,Entregue,5.026
68,147,20,CIF,Marítimo,2024-06-30,2024-07-25,2024-07-24,Entregue,5.3708
69,96,71,FOB,Aéreo,2022-09-28,2022-10-10,2022-10-10,Entregue,5.0674
70,128,39,FOB,Aéreo,2024-01-23,2024-02-01,2024-02-01,Entregue,5.2557
71,82,1,FOB,Marítimo,2022-01-18,2022-02-22,2022-02-22,Entregue,4.9531
72,178,23,FOB,Marítimo,2024-06-25,2024-08-02,2024-07-31,Entregue,5.586
73,159,94,CIF,Marítimo,2023-12-21,2024-02-11,2024-02-09,Entregue,5.2173
74,144,90,FOB,Marítimo,2023-08-07,2023-09-02,2023-09-01,Entregue,5.3273
75,112,60,CIF,Marítimo,2023-01-22,2023-03-13,2023-03-13,Entregue,5.0978
76,160,9,FOB,Aéreo,2024-03-01,2024-03-07,2024-03-06,Desembaraçado,5.4542
77,99,19,EXW,Marítimo,2024-01-10,2024-02-24,2024-03-08,Atrasado,5.4183
78,152,54,FOB,Marítimo,2024-08-22,2024-09-20,2024-09-18,Entregue,5.5605
79,120,33,EXW,Marítimo,2024-03-26,2024-05-22,2024-05-20,Entregue,5.3312
80,200,36,CIF,Marítimo,2022-06-18,2022-08-16,2022-08-16,Entregue,4.9542
81,166,84,CIF,Marítimo,2023-02-21,2023-03-27,2023-03-27,Desembaraçado,4.8908
82,99,25,CIF,Aéreo,2022-05-16,2022-05-25,2022-06-03,Atrasado,5.0417
83,93,18,FOB,Marítimo,2024-06-08,2024-07-10,2024-07-10,Entregue,5.4894
84,54,35,CIF,Marítimo,2022-12-26,2023-01-27,2023-01-26,Entregue,4.9239
85,189,41,EXW,Marítimo,2024-11-25,2025-01-05,2025-01-04,Em trânsito,5.4366
86,128,8,EXW,Marítimo,2022-08-30,2022-09-25,2022-09-23,Entregue,4.9782
87,135,67,CIF,Marítimo,2022-06-07,2022-08-02,2022-08-02,Desembaraçado,5.0167
88,187,86,FOB,Aéreo,2022-11-19,2022-11-28,2022-12-14,Atrasado,5.2697
89,119,22,CIF,Marítimo,2022-01-06,2022-02-02,2022-02-03,Atrasado,4.9092
90,27,27,FOB,Marítimo,2022-11-04,2022-12-10,2022-12-10,Entregue,5.0021
91,21,30,CIF,Aéreo,2024-05-08,2024-05-16,2024-05-27,Atrasado,5.6088
92,197,61,EXW,Marítimo,2024-02-03,2024-03-06,2024-03-04,Desembaraçado,5.5143
93,48,19,EXW,Aéreo,2024-04-01,2024-04-07,2024-04-06,Desembaraçado,5.5949
94,17,44,FOB,Marítimo,2024-07-24,2024-08-18,2024-08-16,Entregue,5.5506
95,158,93,CIF,Marítimo,2024-08-08,2024-09-25,2024-09-24,Desembaraçado,5.5871
96,124,37,CIF,Aéreo,2023-05-18,2023-05-25,2023-05-23,Entregue,5.1356
97,24,93,CIF,Marítimo,2022-01-20,2022-03-07,2022-03-13,Atrasado,4.8711
98,99,60,FOB,Marítimo,2023-05-03,2023-06-23,2023-06-23,Entregue,5.1574
99,116,63,FOB,Marítimo,2022-03-31,2022-05-09,2022-05-07,Entregue,4.8
100,161,67,CIF,Aéreo,2022-06-23,2022-07-07,2022-07-06,Entregue,4.8584
101,128,18,CIF,Marítimo,2022-05-08,2022-06-29,2022-06-27,Entregue,4.9807
102,58,67,FOB,Marítimo,2024-03-15,2024-04-29,2024-04-27,Entregue,5.4156
103,104,46,FOB,Aéreo,2022-08-12,2022-08-19,2022-08-17,Desembaraçado,4.9954
104,86,23,CIF,Marítimo,2023-03-02,2023-04-24,2023-04-23,Desembaraçado,5.0225
105,194,27,EXW,Marítimo,2023-09-16,2023-10-13,2023-10-13,Desembaraçado,5.1454
106,104,33,EXW,Marítimo,2024-03-22,2024-05-18,2024-05-18,Desembaraçado,5.2678
107,137,43,FOB,Aéreo,2024-04-08,2024-04-20,2024-04-19,Entregue,5.4765
108,170,26,EXW,Marítimo,2022-10-14,2022-11-15,2022-11-14,Desembaraçado,5.2285
109,99,50,FOB,Aéreo,2022-06-22,2022-07-06,2022-07-05,Entregue,4.9911
110,173,20,EXW,Marítimo,2024-06-27,2024-07-30,2024-07-28,Desembaraçado,5.8
111,65,8,FOB,Aéreo,2024-06-06,2024-06-17,2024-06-15,Entregue,5.5814
112,115,87,FOB,Marítimo,2023-01-19,2023-03-02,2023-03-02,Entregue,5.1661
113,143,92,FOB,Marítimo,2023-08-28,2023-10-23,2023-10-21,Entregue,5.0669
114,191,86,FOB,Marítimo,2024-05-08,2024-06-14,2024-06-20,Atrasado,5.6852
115,51,25,CIF,Aéreo,2022-02-09,2022-02-20,2022-02-19,Entregue,4.8473
116,49,52,FOB,Aéreo,2024-10-25,2024-11-04,2024-11-04,Entregue,5.5898
117,170,70,FOB,Marítimo,2023-07-30,2023-08-27,2023-09-02,Atrasado,5.2749
118,101,97,EXW,Aéreo,2022-11-23,2022-11-29,2022-11-30,Atrasado,4.8195
119,8,53,EXW,Aéreo,2022-04-25,2022-05-03,2022-05-03,Entregue,5.031
120,116,94,EXW,Aéreo,2022-12-27,2023-01-04,2023-01-03,Entregue,5.0525
121,47,99,FOB,Aéreo,2023-12-22,2024-01-05,2024-01-11,Atrasado,5.505
122,13,30,EXW,Aéreo,2024-10-05,2024-10-18,2024-10-17,Entregue,5.6573
123,147,17,CIF,Marítimo,2022-02-10,2022-04-09,2022-04-07,Entregue,4.8
124,58,55,FOB,Marítimo,2022-12-30,2023-02-13,2023-02-11,Entregue,4.8341
125,90,90,CIF,Aéreo,2024-01-18,2024-01-24,2024-01-22,Entregue,5.269
126,58,1,FOB,Marítimo,2022-10-07,2022-11-11,2022-11-11,Entregue,5.2091
127,34,96,CIF,Aéreo,2022-12-23,2023-01-05,2023-01-03,Desembaraçado,5.2795
128,117,1,CIF,Marítimo,2022-12-26,2023-02-13,2023-02-15,Atrasado,5.1185
129,16,61,EXW,Marítimo,2024-03-12,2024-04-08,2024-04-17,Atrasado,5.4475
130,22,93,FOB,Aéreo,2022-08-02,2022-08-14,2022-09-02,Atrasado,5.1583
131,195,76,FOB,Aéreo,2022-07-01,2022-07-16,2022-07-17,Atrasado,4.8
132,86,57,FOB,Marítimo,2022-05-19,2022-07-05,2022-07-03,Entregue,4.9312
133,29,78,FOB,Marítimo,2024-05-09,2024-06-13,2024-06-11,Entregue,5.5298
134,100,33,FOB,Marítimo,2024-09-08,2024-10-17,2024-10-26,Atrasado,5.6096
135,101,23,FOB,Marítimo,2023-06-19,2023-07-20,2023-07-19,Desembaraçado,5.1626
136,138,19,FOB,Marítimo,2022-07-10,2022-08-25,2022-08-23,Entregue,5.0058
137,186,96,FOB,Marítimo,2022-12-04,2023-01-25,2023-01-24,Desembaraçado,5.102
138,4,16,FOB,Aéreo,2023-06-28,2023-07-13,2023-07-12,Entregue,5.3174
139,24,80,CIF,Marítimo,2024-10-02,2024-11-05,2024-11-05,Desembaraçado,5.5313
140,128,32,CIF,Marítimo,2024-09-10,2024-10-17,2024-10-25,Atrasado,5.5464
141,84,24,FOB,Marítimo,2022-08-25,2022-10-08,2022-10-07,Desembaraçado,5.0673
142,33,33,FOB,Marítimo,2024-03-04,2024-04-09,2024-04-08,Entregue,5.6133
143,189,51,FOB,Marítimo,2024-08-10,2024-09-20,2024-09-18,Desembaraçado,5.5693
144,65,33,CIF,Marítimo,2022-07-18,2022-08-17,2022-08-15,Desembaraçado,5.0852
145,168,74,FOB,Aéreo,2022-05-05,2022-05-16,2022-05-14,Entregue,4.813
146,12,95,EXW,Marítimo,2023-04-28,2023-06-22,2023-06-22,Entregue,5.0582
147,46,2,CIF,Marítimo,2024-11-24,2024-12-28,2024-12-26,Desembaraçado,5.6087
148,81,90,EXW,Marítimo,2023-03-10,2023-04-16,2023-04-16,Entregue,5.074
149,8,93,FOB,Marítimo,2022-10-30,2022-12-10,2022-12-10,Desembaraçado,4.9563
150,196,58,FOB,Marítimo,2024-03-24,2024-05-23,2024-05-23,Entregue,5.5132
151,114,75,FOB,Aéreo,2024-05-09,2024-05-15,2024-05-16,Atrasado,5.4893
152,21,36,EXW,Marítimo,2022-07-25,2022-08-25,2022-08-24,Desembaraçado,5.0239
153,138,73,EXW,Aéreo,2024-04-21,2024-04-30,2024-04-28,Entregue,5.6568
154,99,36,FOB,Marítimo,2024-04-05,2024-05-09,2024-05-09,Entregue,5.6229
155,96,24,EXW,Marítimo,2023-11-10,2023-12-20,2023-12-19,Desembaraçado,5.3314
156,12,55,FOB,Aéreo,2023-09-13,2023-09-22,2023-09-20,Entregue,5.3947
157,13,23,EXW,Marítimo,2023-04-12,2023-05-15,2023-05-14,Entregue,5.1014
158,17,62,FOB,Aéreo,2024-05-03,2024-05-17,2024-05-19,Atrasado,5.4727
159,84,89,FOB,Aéreo,2024-09-19,2024-10-02,2024-09-30,Entregue,5.6277
160,177,100,FOB,Marítimo,2024-11-03,2024-12-23,2024-12-26,Atrasado,5.5425
161,140,61,FOB,Aéreo,2023-01-30,2023-02-07,2023-02-06,Desembaraçado,5.1351
162,128,52,FOB,Marítimo,2023-02-12,2023-03-26,2023-03-25,Desembaraçado,5.0904
163,83,16,FOB,Marítimo,2022-03-04,2022-04-13,2022-04-16,Atrasado,4.8
164,25,52,CIF,Aéreo,2023-12-18,2023-12-28,2024-01-03,Atrasado,5.2847
165,123,85,FOB,Marítimo,2024-03-02,2024-03-30,2024-03-29,Entregue,5.4872
166,57,39,FOB,Marítimo,2023-04-07,2023-05-15,2023-05-13,Entregue,5.2267
167,109,53,EXW,Aéreo,2022-01-19,2022-01-31,2022-01-31,Entregue,4.8
168,122,5,FOB,Aéreo,2023-09-18,2023-10-03,2023-10-03,Entregue,5.2689
169,163,87,FOB,Marítimo,2023-09-11,2023-11-08,2023-11-07,Entregue,5.4823
170,76,9,EXW,Marítimo,2024-02-06,2024-04-06,2024-04-05,Entregue,5.4245
171,74,58,CIF,Marítimo,2023-11-20,2024-01-01,2023-12-30,Entregue,5.2186
172,7,46,EXW,Marítimo,2023-09-04,2023-10-11,2023-10-09,Desembaraçado,5.2886
173,141,40,EXW,Aéreo,2024-04-07,2024-04-22,2024-04-20,Entregue,5.3653
174,165,38,EXW,Marítimo,2023-06-16,2023-08-06,2023-08-06,Desembaraçado,5.2271
175,83,8,CIF,Marítimo,2023-01-24,2023-03-11,2023-03-10,Entregue,4.918
176,145,71,CIF,Marítimo,2024-01-05,2024-03-02,2024-03-01,Desembaraçado,5.183
177,45,4,FOB,Aéreo,2022-07-19,2022-07-31,2022-07-31,Desembaraçado,5.1088
178,19,61,EXW,Marítimo,2023-11-19,2023-12-19,2023-12-19,Entregue,5.202
179,108,54,CIF,Marítimo,2023-11-10,2023-12-28,2023-12-27,Entregue,5.1875
180,19,39,FOB,Marítimo,2022-05-26,2022-07-20,2022-07-20,Entregue,5.0089
181,126,67,CIF,Marítimo,2024-04-26,2024-05-24,2024-05-22,Entregue,5.3672
182,126,58,FOB,Marítimo,2024-07-26,2024-08-29,2024-08-27,Desembaraçado,5.3255
183,148,92,FOB,Marítimo,2022-12-29,2023-02-12,2023-02-11,Entregue,5.1499
184,167,1,CIF,Marítimo,2022-11-21,2023-01-16,2023-02-05,Atrasado,5.1079
185,131,77,FOB,Marítimo,2024-05-28,2024-07-22,2024-07-23,Atrasado,5.3954
186,113,25,EXW,Marítimo,2023-10-22,2023-12-19,2023-12-22,Atrasado,5.1251
187,56,33,CIF,Marítimo,2023-12-07,2024-01-20,2024-01-19,Desembaraçado,5.357
188,164,99,FOB,Marítimo,2022-04-04,2022-05-18,2022-05-18,Entregue,4.8714
189,147,20,FOB,Marítimo,2022-10-02,2022-11-17,2022-11-21,Atrasado,4.9218
190,1,54,EXW,Marítimo,2024-04-06,2024-05-02,2024-04-30,Desembaraçado,5.305
191,118,3,FOB,Marítimo,2024-10-30,2024-12-04,2024-12-02,Desembaraçado,5.5634
192,156,8,CIF,Marítimo,2022-04-10,2022-05-08,2022-05-07,Desembaraçado,4.9916
193,122,92,FOB,Marítimo,2024-06-28,2024-08-16,2024-08-26,Atrasado,5.3384
194,60,50,CIF,Marítimo,2022-01-20,2022-03-05,2022-03-05,Entregue,5.005
195,28,92,CIF,Marítimo,2022-10-08,2022-11-28,2022-12-04,Atrasado,4.8515
196,155,63,FOB,Marítimo,2022-08-06,2022-10-01,2022-09-30,Entregue,4.8706
197,145,73,EXW,Aéreo,2024-01-04,2024-01-15,2024-02-01,Atrasado,5.4652
198,157,13,CIF,Aéreo,2024-09-11,2024-09-21,2024-09-21,Desembaraçado,5.4706
199,46,35,EXW,Aéreo,2024-10-08,2024-10-15,2024-10-13,Desembaraçado,5.6492
200,194,10,EXW,Marítimo,2023-04-19,2023-06-12,2023-06-10,Entregue,5.3328
201,56,30,EXW,Marítimo,2022-03-22,2022-05-04,2022-05-14,Atrasado,4.8513
202,65,18,EXW,Marítimo,2022-04-04,2022-04-29,2022-04-27,Entregue,4.8361
203,177,11,EXW,Marítimo,2023-07-04,2023-08-03,2023-08-03,Entregue,5.0072
204,86,59,EXW,Marítimo,2023-07-11,2023-08-29,2023-08-29,Entregue,5.3805
205,27,49,CIF,Marítimo,2022-08-20,2022-09-22,2022-10-02,Atrasado,4.9599
206,99,1,FOB,Aéreo,2024-09-15,2024-09-29,2024-10-10,Atrasado,5.6914
207,149,55,CIF,Aéreo,2022-09-25,2022-10-07,2022-10-07,Desembaraçado,5.0319
208,95,5,FOB,Marítimo,2023-10-06,2023-10-31,2023-10-31,Desembaraçado,5.3197
209,102,3,CIF,Marítimo,2023-04-04,2023-05-20,2023-05-18,Entregue,5.3263
210,165,74,CIF,Marítimo,2023-05-25,2023-07-19,2023-07-19,Entregue,5.2202
211,83,17,EXW,Marítimo,2022-04-22,2022-05-17,2022-05-15,Entregue,4.8
212,1,51,CIF,Marítimo,2022-12-05,2023-01-03,2023-01-01,Desembaraçado,4.9762
213,173,77,FOB,Aéreo,2023-04-02,2023-04-15,2023-04-13,Entregue,5.1828
214,32,34,FOB,Marítimo,2024-07-06,2024-08-05,2024-08-03,Desembaraçado,5.4585
215,92,95,CIF,Aéreo,2022-02-06,2022-02-12,2022-02-11,Desembaraçado,4.8669
216,162,54,FOB,Marítimo,2023-09-16,2023-11-12,2023-11-12,Desembaraçado,5.1786
217,118,3,FOB,Aéreo,2022-04-22,2022-04-30,2022-04-29,Desembaraçado,5.025
218,54,5,CIF,Marítimo,2024-01-15,2024-03-08,2024-03-07,Entregue,5.3675
219,57,17,EXW,Marítimo,2023-08-21,2023-10-20,2023-11-04,Atrasado,5.3263
220,66,75,CIF,Aéreo,2024-04-18,2024-04-24,2024-04-23,Entregue,5.5943
221,179,38,FOB,Aéreo,2024-07-25,2024-08-02,2024-07-31,Entregue,5.5281
222,50,98,CIF,Marítimo,2022-09-10,2022-11-02,2022-11-13,Atrasado,4.9954
223,82,30,CIF,Marítimo,2022-04-10,2022-06-09,2022-06-09,Entregue,4.8
224,52,38,EXW,Marítimo,2022-12-29,2023-02-03,2023-02-01,Entregue,5.0861
225,79,30,CIF,Marítimo,2023-10-22,2023-12-18,2023-12-18,Entregue,5.4133
226,133,29,CIF,Aéreo,2023-07-15,2023-07-26,2023-07-24,Entregue,5.2607
227,132,10,FOB,Marítimo,2024-11-15,2024-12-29,2024-12-29,Entregue,5.587
228,84,88,EXW,Marítimo,2023-03-22,2023-04-28,2023-04-27,Desembaraçado,5.2302
229,69,34,CIF,Marítimo,2022-12-31,2023-02-26,2023-02-25,Desembaraçado,4.8909
230,126,43,FOB,Marítimo,2024-09-10,2024-10-31,2024-10-29,Entregue,5.6838
231,115,23,EXW,Aéreo,2022-08-07,2022-08-12,2022-08-12,Entregue,5.0079
232,104,4,CIF,Marítimo,2022-11-26,2023-01-08,2023-01-08,Entregue,4.9346
233,184,25,FOB,Marítimo,2022-03-08,2022-04-24,2022-04-24,Desembaraçado,4.8421
234,93,32,CIF,Marítimo,2023-04-05,2023-06-04,2023-06-06,Atrasado,5.2597
235,178,61,FOB,Aéreo,2022-04-07,2022-04-18,2022-04-17,Entregue,4.8085
236,61,22,FOB,Marítimo,2023-05-30,2023-07-06,2023-07-04,Desembaraçado,5.0913
237,149,70,CIF,Aéreo,2024-01-24,2024-02-07,2024-02-20,Atrasado,5.3533
238,90,46,FOB,Marítimo,2024-07-08,2024-08-13,2024-08-13,Entregue,5.3667
239,34,49,CIF,Marítimo,2024-02-12,2024-03-10,2024-03-23,Atrasado,5.6162
240,73,26,EXW,Marítimo,2022-01-12,2022-02-27,2022-02-25,Entregue,4.8125
241,47,86,CIF,Aéreo,2023-09-09,2023-09-21,2023-09-24,Atrasado,5.3653
242,113,99,FOB,Aéreo,2023-03-27,2023-04-03,2023-04-01,Entregue,5.0639
243,180,79,FOB,Marítimo,2023-12-17,2024-01-25,2024-01-24,Entregue,5.4336
244,14,90,FOB,Marítimo,2024-08-30,2024-10-29,2024-10-29,Entregue,5.5391
245,28,87,FOB,Marítimo,2023-05-15,2023-06-11,2023-06-10,Entregue,5.3889
246,154,14,FOB,Aéreo,2023-06-10,2023-06-23,2023-06-28,Atrasado,5.225
247,187,56,FOB,Aéreo,2024-11-07,2024-11-19,2024-11-19,Entregue,5.6307
248,151,18,CIF,Marítimo,2022-07-16,2022-08-20,2022-08-18,Entregue,4.8532
249,38,99,FOB,Marítimo,2023-03-13,2023-05-04,2023-05-02,Desembaraçado,5.0233
250,119,28,EXW,Marítimo,2024-06-10,2024-07-09,2024-07-07,Entregue,5.4427
251,39,57,FOB,Marítimo,2022-05-31,2022-06-28,2022-06-27,Desembaraçado,4.8
252,13,84,FOB,Marítimo,2023-06-14,2023-08-04,2023-08-02,Entregue,5.2225
253,25,68,FOB,Marítimo,2022-08-31,2022-10-29,2022-11-01,Atrasado,5.1431
254,146,100,FOB,Marítimo,2022-05-29,2022-07-15,2022-07-25,Atrasado,4.8
255,111,86,CIF,Marítimo,2023-07-31,2023-09-22,2023-10-09,Atrasado,5.4159
256,113,83,FOB,Marítimo,2024-03-11,2024-05-09,2024-05-07,Entregue,5.4662
257,42,41,EXW,Marítimo,2024-02-04,2024-02-29,2024-02-28,Entregue,5.4598
258,64,98,CIF,Marítimo,2024-03-18,2024-05-16,2024-05-16,Entregue,5.372
259,187,56,EXW,Marítimo,2023-12-06,2024-01-13,2024-01-13,Entregue,5.0798
260,121,33,FOB,Marítimo,2023-06-02,2023-07-09,2023-07-10,Atrasado,5.1861
261,181,22,EXW,Aéreo,2024-08-02,2024-08-17,2024-08-17,Entregue,5.4357
262,112,4,FOB,Marítimo,2024-09-24,2024-11-09,2024-11-16,Atrasado,5.3986
263,94,75,CIF,Marítimo,2023-02-01,2023-03-18,2023-03-17,Entregue,5.1186
264,75,4,CIF,Marítimo,2024-01-17,2024-03-02,2024-02-29,Entregue,5.4698
265,79,6,FOB,Marítimo,2024-06-12,2024-07-24,2024-07-22,Entregue,5.4704
266,179,62,CIF,Marítimo,2024-07-01,2024-08-17,2024-08-15,Entregue,5.5399
267,185,66,CIF,Marítimo,2023-07-29,2023-08-31,2023-08-31,Entregue,5.4768
268,179,45,FOB,Aéreo,2022-06-04,2022-06-09,2022-06-07,Entregue,5.1101
269,44,5,FOB,Marítimo,2023-03-12,2023-04-08,2023-04-06,Entregue,5.0593
270,19,84,CIF,Marítimo,2022-11-01,2022-12-19,2022-12-19,Desembaraçado,4.9083
271,20,12,CIF,Marítimo,2024-11-11,2024-12-11,2024-12-10,Entregue,5.6169
272,64,38,EXW,Marítimo,2022-12-06,2023-02-01,2023-01-30,Entregue,4.9464
273,37,11,CIF,Aéreo,2022-10-27,2022-11-08,2022-11-13,Atrasado,5.0011
274,3,33,FOB,Marítimo,2024-01-27,2024-03-06,2024-03-04,Entregue,5.4256
275,134,50,FOB,Aéreo,2024-07-20,2024-07-25,2024-07-24,Entregue,5.748
276,138,44,CIF,Aéreo,2023-07-15,2023-07-24,2023-07-23,Entregue,4.9877
277,130,13,FOB,Marítimo,2022-06-09,2022-08-06,2022-08-06,Entregue,4.8496
278,63,73,EXW,Marítimo,2024-09-24,2024-11-18,2024-11-17,Entregue,5.5809
279,17,9,FOB,Marítimo,2022-06-07,2022-08-03,2022-08-02,Entregue,4.8312
280,163,94,CIF,Marítimo,2022-08-31,2022-10-09,2022-10-07,Entregue,5.274
281,95,49,CIF,Marítimo,2023-03-08,2023-04-12,2023-04-10,Entregue,5.1782
282,178,78,CIF,Marítimo,2022-11-26,2022-12-29,2022-12-29,Entregue,5.1246
283,117,75,FOB,Marítimo,2023-01-04,2023-03-03,2023-03-01,Desembaraçado,5.0871
284,150,60,EXW,Marítimo,2023-08-04,2023-09-03,2023-09-02,Entregue,5.2174
285,64,93,FOB,Aéreo,2024-04-21,2024-05-05,2024-05-04,Desembaraçado,5.4728
286,14,60,CIF,Marítimo,2023-06-26,2023-07-31,2023-07-29,Desembaraçado,5.1573
287,30,35,FOB,Marítimo,2024-02-14,2024-04-03,2024-04-02,Entregue,5.4293
288,123,78,CIF,Aéreo,2024-05-09,2024-05-16,2024-05-16,Entregue,5.3953
289,154,62,FOB,Marítimo,2024-10-27,2024-11-28,2024-11-27,Entregue,5.679
290,89,18,FOB,Marítimo,2024-06-02,2024-07-30,2024-07-28,Entregue,5.4248
291,40,72,EXW,Marítimo,2024-09-14,2024-11-02,2024-11-02,Desembaraçado,5.2975
292,179,38,CIF,Aéreo,2024-05-21,2024-05-28,2024-05-26,Entregue,5.3339
293,97,23,CIF,Marítimo,2024-04-16,2024-05-27,2024-05-26,Entregue,5.6683
294,145,97,CIF,Marítimo,2024-11-30,2024-12-25,2024-12-25,Entregue,5.4105
295,194,78,FOB,Marítimo,2022-11-13,2023-01-04,2023-01-04,Desembaraçado,4.8
296,67,7,CIF,Marítimo,2023-07-19,2023-09-07,2023-09-07,Entregue,5.396
297,179,72,FOB,Marítimo,2024-09-17,2024-10-28,2024-10-27,Desembaraçado,5.4385
298,111,29,CIF,Marítimo,2022-09-01,2022-10-10,2022-10-09,Entregue,5.0442
299,33,94,CIF,Marítimo,2023-11-25,2024-01-24,2024-01-22,Desembaraçado,5.3429
300,38,57,EXW,Marítimo,2022-01-11,2022-02-10,2022-02-08,Entregue,4.8373
301,97,27,FOB,Marítimo,2023-03-31,2023-05-18,2023-05-18,Entregue,5.3225
302,123,74,FOB,Aéreo,2023-08-10,2023-08-24,2023-08-24,Desembaraçado,5.2888
303,97,38,FOB,Marítimo,2024-11-27,2025-01-09,2025-01-09,Em trânsito,5.3284
304,109,88,CIF,Marítimo,2022-12-14,2023-01-10,2023-01-09,Entregue,5.142
305,180,56,EXW,Marítimo,2024-03-29,2024-05-15,2024-05-14,Entregue,5.796
306,157,47,CIF,Marítimo,2022-05-21,2022-06-20,2022-06-20,Entregue,4.9271
307,68,76,FOB,Aéreo,2023-07-21,2023-07-29,2023-07-28,Entregue,5.3852
308,26,43,FOB,Marítimo,2022-12-25,2023-02-14,2023-03-02,Atrasado,5.3091
309,27,69,EXW,Marítimo,2024-11-17,2024-12-28,2024-12-27,Desembaraçado,5.4489
310,23,47,FOB,Marítimo,2024-09-17,2024-10-27,2024-10-26,Entregue,5.4627
311,90,46,EXW,Aéreo,2024-09-14,2024-09-20,2024-09-19,Entregue,5.6335
312,104,62,CIF,Aéreo,2023-04-16,2023-04-26,2023-04-25,Desembaraçado,5.1789
313,111,60,EXW,Marítimo,2023-05-24,2023-07-06,2023-07-06,Entregue,5.0769
314,68,5,CIF,Aéreo,2023-12-26,2024-01-03,2024-01-02,Desembaraçado,5.3689
315,120,37,EXW,Marítimo,2023-01-25,2023-03-22,2023-03-21,Entregue,4.9976
316,92,31,FOB,Aéreo,2023-02-20,2023-02-28,2023-02-26,Entregue,5.1686
317,122,9,EXW,Marítimo,2024-10-05,2024-10-30,2024-10-30,Entregue,5.7491
318,40,41,FOB,Aéreo,2023-10-08,2023-10-20,2023-10-18,Desembaraçado,5.2236
319,11,23,EXW,Marítimo,2024-11-12,2024-12-24,2024-12-22,Desembaraçado,5.547
320,90,36,FOB,Marítimo,2022-03-08,2022-05-04,2022-05-03,Desembaraçado,4.8
321,182,87,FOB,Marítimo,2024-11-27,2025-01-20,2025-01-18,Em trânsito,5.8
322,149,47,FOB,Marítimo,2022-07-26,2022-09-09,2022-09-07,Desembaraçado,5.0178
323,53,9,FOB,Marítimo,2023-12-04,2024-01-21,2024-01-21,Entregue,5.4018
324,154,41,FOB,Marítimo,2024-03-31,2024-05-12,2024-05-10,Desembaraçado,5.3409
325,35,63,FOB,Marítimo,2022-07-24,2022-09-04,2022-09-03,Entregue,5.0796
326,38,2,FOB,Marítimo,2022-11-03,2022-12-28,2022-12-27,Desembaraçado,5.0004
327,135,82,EXW,Marítimo,2024-11-24,2025-01-22,2025-02-06,Atrasado,5.6964
328,128,43,CIF,Marítimo,2022-04-08,2022-05-28,2022-06-16,Atrasado,4.8683
329,187,51,CIF,Aéreo,2022-07-17,2022-07-29,2022-07-27,Entregue,5.0047
330,180,70,EXW,Marítimo,2023-06-12,2023-07-29,2023-08-08,Atrasado,5.0127
331,88,33,CIF,Marítimo,2022-12-24,2023-02-05,2023-02-04,Entregue,5.1981
332,150,26,FOB,Aéreo,2022-06-10,2022-06-21,2022-06-20,Entregue,4.8
333,156,85,FOB,Marítimo,2023-11-22,2024-01-12,2024-01-12,Entregue,5.3722
334,105,49,FOB,Aéreo,2023-12-05,2023-12-13,2023-12-29,Atrasado,5.3303
335,148,86,FOB,Marítimo,2024-06-30,2024-08-17,2024-09-04,Atrasado,5.7938
336,141,94,FOB,Marítimo,2022-02-17,2022-03-22,2022-03-21,Desembaraçado,4.8424
337,179,56,CIF,Marítimo,2023-03-08,2023-04-12,2023-04-11,Entregue,5.1103
338,29,49,CIF,Aéreo,2022-02-23,2022-03-06,2022-03-06,Entregue,4.8585
339,173,93,FOB,Marítimo,2024-03-09,2024-04-22,2024-04-20,Entregue,5.7084
340,18,1,FOB,Marítimo,2022-12-16,2023-01-11,2023-01-22,Atrasado,4.9296
341,78,47,CIF,Marítimo,2023-07-12,2023-09-10,2023-09-09,Entregue,5.5104
342,113,94,CIF,Marítimo,2024-06-09,2024-08-06,2024-08-05,Entregue,5.7031
343,166,51,CIF,Marítimo,2022-07-03,2022-08-25,2022-08-23,Entregue,4.8965
344,157,55,FOB,Marítimo,2022-10-07,2022-11-23,2022-11-23,Desembaraçado,4.9652
345,103,3,EXW,Aéreo,2024-09-04,2024-09-13,2024-09-11,Entregue,5.3657
346,110,34,CIF,Marítimo,2024-02-05,2024-03-13,2024-03-11,Entregue,5.2818
347,124,97,CIF,Marítimo,2024-03-09,2024-04-27,2024-04-25,Entregue,5.5123
348,65,57,CIF,Marítimo,2023-07-11,2023-08-23,2023-08-28,Atrasado,5.3706
349,67,88,EXW,Marítimo,2023-01-09,2023-02-11,2023-02-11,Entregue,5.0835
350,72,54,CIF,Marítimo,2024-10-04,2024-11-10,2024-11-08,Entregue,5.3878
351,67,51,FOB,Marítimo,2022-07-29,2022-09-10,2022-09-09,Entregue,4.8105
352,162,35,FOB,Marítimo,2022-01-31,2022-03-28,2022-03-26,Desembaraçado,4.9081
353,96,88,EXW,Aéreo,2024-08-07,2024-08-12,2024-08-12,Desembaraçado,5.5988
354,144,68,FOB,Aéreo,2024-08-20,2024-08-27,2024-08-29,Atrasado,5.5766
355,165,54,FOB,Aéreo,2023-05-25,2023-06-05,2023-06-04,Entregue,5.1038
356,176,82,FOB,Aéreo,2022-07-12,2022-07-25,2022-08-04,Atrasado,4.8319
357,7,74,FOB,Marítimo,2023-10-24,2023-11-28,2023-11-28,Entregue,5.0966
358,2,1,FOB,Marítimo,2024-09-12,2024-10-26,2024-11-03,Atrasado,5.7524
359,47,69,FOB,Marítimo,2024-06-08,2024-07-23,2024-08-01,Atrasado,5.3194
360,130,67,FOB,Marítimo,2022-03-28,2022-05-22,2022-05-20,Entregue,4.8
361,119,12,FOB,Marítimo,2022-07-07,2022-08-22,2022-09-09,Atrasado,4.8835
362,137,98,FOB,Marítimo,2022-08-08,2022-09-10,2022-09-10,Entregue,5.0865
363,53,44,CIF,Aéreo,2024-06-17,2024-06-25,2024-06-24,Entregue,5.4326
364,158,59,EXW,Marítimo,2024-09-20,2024-11-12,2024-12-02,Atrasado,5.5775
365,128,96,FOB,Marítimo,2023-12-14,2024-01-28,2024-01-26,Desembaraçado,5.2917
366,14,9,EXW,Marítimo,2022-11-25,2022-12-24,2022-12-24,Entregue,5.0398
367,40,66,FOB,Marítimo,2022-01-02,2022-02-28,2022-02-26,Entregue,4.8
368,22,4,FOB,Marítimo,2023-05-05,2023-06-19,2023-06-18,Entregue,5.2569
369,154,58,FOB,Aéreo,2024-10-15,2024-10-28,2024-10-27,Entregue,5.6011
370,37,75,FOB,Marítimo,2022-05-17,2022-06-13,2022-06-11,Desembaraçado,4.977
371,70,18,FOB,Marítimo,2023-01-28,2023-02-28,2023-02-26,Desembaraçado,5.2563
372,41,38,CIF,Marítimo,2023-06-09,2023-07-07,2023-07-06,Entregue,5.2092
373,34,17,EXW,Marítimo,2024-10-03,2024-11-02,2024-11-05,Atrasado,5.5481
374,76,87,EXW,Marítimo,2024-05-01,2024-06-18,2024-06-19,Atrasado,5.1305
375,117,86,FOB,Marítimo,2022-05-25,2022-07-08,2022-07-12,Atrasado,4.939
376,12,53,CIF,Marítimo,2024-02-29,2024-04-06,2024-04-09,Atrasado,5.5112
377,199,10,FOB,Marítimo,2024-04-30,2024-05-31,2024-06-09,Atrasado,5.4201
378,190,46,CIF,Marítimo,2022-08-02,2022-09-06,2022-09-05,Entregue,5.0569
379,64,2,FOB,Marítimo,2024-06-26,2024-08-12,2024-08-25,Atrasado,5.5441
380,51,53,FOB,Marítimo,2024-05-31,2024-07-15,2024-07-14,Desembaraçado,5.3753
381,36,26,CIF,Marítimo,2023-06-05,2023-07-23,2023-07-22,Entregue,5.2899
382,187,39,FOB,Marítimo,2023-08-06,2023-09-01,2023-09-07,Atrasado,5.2226
383,54,98,FOB,Aéreo,2023-10-07,2023-10-12,2023-10-12,Entregue,5.3466
384,150,69,CIF,Aéreo,2022-11-13,2022-11-19,2022-11-19,Desembaraçado,5.0234
385,56,33,EXW,Marítimo,2023-05-27,2023-07-05,2023-07-05,Entregue,5.2199
386,81,62,EXW,Marítimo,2022-06-08,2022-07-23,2022-07-21,Entregue,4.8
387,109,98,CIF,Aéreo,2022-07-15,2022-07-29,2022-07-29,Entregue,4.889
388,73,73,FOB,Marítimo,2022-04-25,2022-06-10,2022-06-08,Desembaraçado,5.1615
389,40,17,EXW,Aéreo,2023-04-10,2023-04-25,2023-04-23,Desembaraçado,5.3475
390,104,42,FOB,Marítimo,2022-03-26,2022-05-10,2022-05-24,Atrasado,4.8
391,25,39,FOB,Marítimo,2024-03-15,2024-05-07,2024-05-07,Entregue,5.5228
392,49,61,FOB,Marítimo,2024-03-18,2024-04-21,2024-04-19,Entregue,5.3354
393,17,74,CIF,Marítimo,2023-06-22,2023-07-22,2023-07-22,Entregue,5.2299
394,12,62,FOB,Marítimo,2023-02-10,2023-04-07,2023-04-07,Entregue,5.338
395,80,88,CIF,Marítimo,2023-05-20,2023-06-29,2023-06-28,Entregue,5.2619
396,81,87,FOB,Aéreo,2024-04-27,2024-05-08,2024-05-07,Entregue,5.5912
397,118,80,FOB,Marítimo,2023-09-17,2023-10-22,2023-10-22,Entregue,5.2147
398,89,12,CIF,Aéreo,2024-06-21,2024-06-26,2024-06-25,Entregue,5.5541
399,143,59,CIF,Marítimo,2022-06-25,2022-07-27,2022-07-27,Entregue,5.0298
400,14,79,EXW,Aéreo,2023-08-13,2023-08-18,2023-08-16,Entregue,5.2589
401,117,7,FOB,Marítimo,2023-03-10,2023-04-17,2023-04-15,Entregue,5.1792
402,59,87,EXW,Marítimo,2022-02-07,2022-03-28,2022-03-28,Desembaraçado,4.8022
403,82,95,FOB,Marítimo,2023-02-16,2023-03-30,2023-03-30,Entregue,5.1124
404,146,59,CIF,Marítimo,2024-01-08,2024-02-08,2024-02-21,Atrasado,5.3577
405,103,17,EXW,Marítimo,2022-07-23,2022-09-06,2022-09-18,Atrasado,4.8
406,108,60,CIF,Marítimo,2024-07-26,2024-09-24,2024-09-24,Desembaraçado,5.6742
407,45,98,FOB,Aéreo,2024-09-30,2024-10-11,2024-10-11,Entregue,5.5637
408,183,87,CIF,Marítimo,2023-04-29,2023-06-25,2023-06-23,Entregue,5.2848
409,108,39,EXW,Aéreo,2022-03-02,2022-03-15,2022-03-15,Entregue,4.8946
410,93,86,CIF,Aéreo,2022-06-29,2022-07-10,2022-07-09,Entregue,4.8
411,153,13,FOB,Marítimo,2023-05-08,2023-06-11,2023-06-20,Atrasado,5.2741
412,170,66,CIF,Marítimo,2023-02-28,2023-04-02,2023-04-02,Entregue,5.152
413,55,99,FOB,Aéreo,2022-10-04,2022-10-15,2022-10-14,Entregue,5.0174
414,160,96,FOB,Marítimo,2022-05-19,2022-07-18,2022-07-27,Atrasado,5.0316
415,123,39,EXW,Marítimo,2022-03-02,2022-04-16,2022-04-15,Entregue,5.1568
416,121,10,CIF,Marítimo,2023-07-15,2023-08-18,2023-08-16,Entregue,5.143
417,158,25,EXW,Marítimo,2023-07-01,2023-08-09,2023-08-10,Atrasado,5.245
418,65,94,CIF,Marítimo,2024-09-03,2024-10-06,2024-10-05,Desembaraçado,5.2836
419,177,3,FOB,Marítimo,2024-03-04,2024-04-29,2024-04-28,Entregue,5.1729
420,68,18,CIF,Marítimo,2022-01-31,2022-03-14,2022-03-13,Entregue,4.8
421,190,37,CIF,Aéreo,2022-05-16,2022-05-23,2022-06-09,Atrasado,4.8973
422,49,88,FOB,Marítimo,2024-07-26,2024-09-04,2024-09-04,Desembaraçado,5.5326
423,196,12,CIF,Aéreo,2024-03-18,2024-04-01,2024-03-30,Entregue,5.4743
424,39,56,EXW,Marítimo,2022-03-20,2022-05-17,2022-05-15,Entregue,4.8
425,63,46,EXW,Marítimo,2024-11-28,2025-01-26,2025-01-25,Em trânsito,5.6983
426,153,71,FOB,Marítimo,2022-04-11,2022-05-18,2022-05-18,Entregue,4.9001
427,52,4,FOB,Aéreo,2022-12-07,2022-12-18,2022-12-18,Entregue,5.1957
428,110,74,CIF,Aéreo,2024-07-14,2024-07-20,2024-07-18,Entregue,5.69
429,107,98,EXW,Marítimo,2022-10-05,2022-11-24,2022-11-24,Entregue,4.9584
430,3,6,EXW,Marítimo,2023-02-18,2023-04-13,2023-04-12,Desembaraçado,5.098
431,5,5,CIF,Aéreo,2022-09-11,2022-09-17,2022-09-17,Entregue,4.8403
432,9,99,CIF,Marítimo,2024-11-13,2024-12-18,2024-12-18,Desembaraçado,5.6558
433,20,61,FOB,Marítimo,2022-11-04,2022-12-09,2022-12-09,Desembaraçado,5.0439
434,82,62,FOB,Marítimo,2024-07-02,2024-08-14,2024-08-30,Atrasado,5.2814
435,145,88,FOB,Aéreo,2023-06-03,2023-06-08,2023-06-07,Desembaraçado,5.179
436,13,89,EXW,Marítimo,2023-05-03,2023-06-10,2023-06-09,Entregue,5.2796
437,73,68,CIF,Marítimo,2022-01-14,2022-02-23,2022-02-23,Desembaraçado,4.8
438,105,56,EXW,Marítimo,2022-04-11,2022-05-17,2022-05-20,Atrasado,4.895
439,67,92,CIF,Aéreo,2023-09-04,2023-09-14,2023-09-20,Atrasado,5.1868
440,76,42,FOB,Aéreo,2023-08-06,2023-08-20,2023-09-09,Atrasado,5.2339
441,9,79,FOB,Aéreo,2024-07-21,2024-08-04,2024-08-04,Entregue,5.5798
442,187,98,FOB,Marítimo,2024-02-16,2024-03-16,2024-03-14,Desembaraçado,5.6247
443,124,79,FOB,Marítimo,2023-07-17,2023-09-01,2023-09-12,Atrasado,5.228
444,37,60,FOB,Marítimo,2022-06-29,2022-08-23,2022-08-21,Desembaraçado,4.8589
445,176,77,FOB,Aéreo,2023-10-11,2023-10-20,2023-10-18,Desembaraçado,5.3961
446,67,56,CIF,Marítimo,2024-11-30,2025-01-25,2025-02-04,Atrasado,5.6043
447,40,98,FOB,Aéreo,2023-08-18,2023-08-26,2023-08-26,Entregue,5.3791
448,33,6,CIF,Aéreo,2023-03-01,2023-03-15,2023-03-14,Entregue,5.1347
449,147,80,EXW,Marítimo,2023-03-11,2023-04-05,2023-04-05,Desembaraçado,5.2383
450,59,48,FOB,Aéreo,2024-11-03,2024-11-16,2024-11-24,Atrasado,5.6303
451,169,13,FOB,Marítimo,2022-03-01,2022-04-06,2022-04-21,Atrasado,4.9047
452,170,100,CIF,Marítimo,2022-03-14,2022-04-16,2022-04-28,Atrasado,4.957
453,191,27,EXW,Aéreo,2024-08-05,2024-08-16,2024-08-15,Desembaraçado,5.4341
454,45,58,CIF,Marítimo,2023-10-09,2023-12-08,2023-12-06,Entregue,5.3434
455,31,23,EXW,Marítimo,2023-12-26,2024-01-24,2024-01-22,Entregue,5.3719
456,82,100,FOB,Marítimo,2022-12-06,2023-01-24,2023-01-24,Desembaraçado,5.0366
457,2,78,CIF,Aéreo,2023-10-07,2023-10-12,2023-10-10,Entregue,5.1869
458,194,96,CIF,Marítimo,2023-09-12,2023-10-20,2023-10-19,Entregue,5.3689
459,13,46,CIF,Aéreo,2022-07-09,2022-07-21,2022-07-19,Desembaraçado,5.0204
460,104,95,FOB,Marítimo,2024-09-17,2024-11-14,2024-11-12,Desembaraçado,5.3173
461,98,60,EXW,Aéreo,2024-11-23,2024-12-08,2024-12-21,Atrasado,5.5478
462,199,74,CIF,Marítimo,2022-08-26,2022-09-20,2022-09-20,Entregue,4.8977
463,63,28,FOB,Marítimo,2024-08-14,2024-09-10,2024-09-10,Entregue,5.5917
464,22,68,CIF,Marítimo,2023-03-06,2023-04-20,2023-04-18,Entregue,5.1449
465,148,96,FOB,Marítimo,2022-08-29,2022-10-10,2022-10-09,Entregue,5.0393
466,145,10,CIF,Aéreo,2022-07-29,2022-08-06,2022-08-04,Desembaraçado,4.8847
467,118,65,CIF,Marítimo,2023-08-04,2023-09-13,2023-09-12,Desembaraçado,5.1657
468,180,76,FOB,Marítimo,2022-09-24,2022-10-20,2022-10-18,Entregue,5.2293
469,7,29,FOB,Marítimo,2024-03-13,2024-04-18,2024-04-18,Entregue,5.5909
470,58,87,FOB,Marítimo,2023-12-30,2024-02-12,2024-02-12,Entregue,5.3395
471,26,98,CIF,Marítimo,2024-08-11,2024-09-13,2024-09-11,Desembaraçado,5.3428
472,39,15,CIF,Marítimo,2024-08-11,2024-10-05,2024-10-05,Entregue,5.2527
473,119,29,FOB,Aéreo,2024-01-15,2024-01-26,2024-01-26,Entregue,5.2369
474,130,47,FOB,Aéreo,2024-09-25,2024-09-30,2024-09-29,Desembaraçado,5.6354
475,84,22,FOB,Marítimo,2023-12-15,2024-01-17,2024-01-15,Entregue,5.3878
476,101,59,FOB,Aéreo,2022-05-26,2022-06-04,2022-06-14,Atrasado,4.9382
477,84,6,FOB,Marítimo,2022-11-22,2023-01-16,2023-01-15,Entregue,5.0031
478,1,58,FOB,Marítimo,2024-06-10,2024-07-26,2024-07-25,Entregue,5.6558
479,124,38,CIF,Marítimo,2024-09-23,2024-10-25,2024-10-25,Entregue,5.4636
480,64,25,FOB,Marítimo,2023-09-23,2023-11-12,2023-12-02,Atrasado,5.1934
481,24,12,EXW,Marítimo,2023-11-02,2023-12-28,2023-12-27,Entregue,5.1642
482,27,72,EXW,Aéreo,2022-01-01,2022-01-08,2022-01-08,Entregue,5.1077
483,60,46,CIF,Marítimo,2023-02-05,2023-03-15,2023-03-14,Entregue,5.0817
484,50,71,CIF,Aéreo,2024-06-09,2024-06-19,2024-06-19,Entregue,5.3268
485,131,93,FOB,Aéreo,2022-09-19,2022-09-28,2022-09-28,Entregue,5.0198
486,46,15,CIF,Marítimo,2024-01-06,2024-02-07,2024-02-24,Atrasado,5.4377
487,153,94,FOB,Marítimo,2023-10-14,2023-12-02,2023-11-30,Entregue,5.2083
488,166,48,CIF,Marítimo,2023-01-21,2023-03-22,2023-03-22,Desembaraçado,5.3056
489,188,63,EXW,Marítimo,2022-09-15,2022-10-18,2022-10-17,Entregue,4.8341
490,130,88,CIF,Aéreo,2022-10-06,2022-10-12,2022-10-10,Entregue,5.1476
491,72,11,CIF,Aéreo,2024-05-21,2024-06-04,2024-06-03,Desembaraçado,5.6904
492,82,95,FOB,Aéreo,2023-04-08,2023-04-15,2023-04-15,Entregue,5.1012
493,166,32,FOB,Aéreo,2024-10-24,2024-11-02,2024-11-02,Entregue,5.718
494,102,41,FOB,Marítimo,2024-09-16,2024-11-03,2024-11-01,Entregue,5.6327
495,136,11,CIF,Marítimo,2023-07-27,2023-09-19,2023-09-24,Atrasado,5.114
496,145,76,CIF,Marítimo,2022-06-09,2022-08-07,2022-08-05,Entregue,4.9138
497,121,46,CIF,Aéreo,2022-01-23,2022-02-04,2022-02-03,Entregue,4.8161
498,86,92,FOB,Marítimo,2023-08-27,2023-10-09,2023-10-07,Entregue,5.1144
499,148,33,CIF,Marítimo,2022-05-06,2022-06-30,2022-07-19,Atrasado,4.8675
500,97,2,EXW,Aéreo,2022-02-25,2022-03-06,2022-03-06,Entregue,4.8446
501,33,77,FOB,Aéreo,2022-09-29,2022-10-13,2022-10-11,Entregue,4.8375
502,166,90,FOB,Marítimo,2022-11-06,2022-12-29,2022-12-28,Entregue,4.8995
503,174,15,CIF,Marítimo,2022-03-09,2022-04-24,2022-04-23,Desembaraçado,4.8
504,49,75,EXW,Aéreo,2024-04-25,2024-05-06,2024-05-08,Atrasado,5.3819
505,61,67,CIF,Marítimo,2023-12-08,2024-01-05,2024-01-05,Desembaraçado,5.3561
506,73,95,CIF,Marítimo,2024-09-02,2024-10-31,2024-10-31,Desembaraçado,5.6387
507,160,41,FOB,Marítimo,2024-06-09,2024-07-04,2024-07-03,Desembaraçado,5.553
508,178,92,CIF,Marítimo,2022-03-26,2022-04-26,2022-04-25,Entregue,4.9104
509,62,84,CIF,Aéreo,2023-07-13,2023-07-23,2023-07-23,Entregue,5.3455
510,7,75,CIF,Marítimo,2023-05-11,2023-06-17,2023-06-15,Desembaraçado,5.108
511,84,80,CIF,Marítimo,2022-01-18,2022-02-16,2022-02-16,Entregue,4.9709
512,154,3,FOB,Marítimo,2023-08-04,2023-09-14,2023-09-13,Entregue,5.2598
513,127,41,CIF,Marítimo,2023-03-21,2023-04-22,2023-04-21,Entregue,5.1072
514,12,87,FOB,Marítimo,2023-01-14,2023-02-15,2023-02-15,Desembaraçado,4.9385
515,12,13,FOB,Marítimo,2024-07-17,2024-08-28,2024-09-17,Atrasado,5.782
516,147,55,FOB,Aéreo,2022-11-28,2022-12-04,2022-12-12,Atrasado,4.998
517,100,45,FOB,Marítimo,2023-06-27,2023-08-02,2023-08-01,Entregue,5.2703
518,183,32,FOB,Marítimo,2024-10-04,2024-11-04,2024-11-04,Entregue,5.4883
519,51,44,EXW,Marítimo,2023-06-15,2023-07-16,2023-07-15,Desembaraçado,5.4058
520,150,37,FOB,Marítimo,2024-10-16,2024-11-19,2024-11-18,Entregue,5.6185
521,96,56,FOB,Marítimo,2023-11-07,2023-12-27,2023-12-25,Desembaraçado,5.3121
522,35,61,CIF,Aéreo,2024-04-07,2024-04-13,2024-04-12,Entregue,5.4362
523,93,54,CIF,Marítimo,2022-09-06,2022-11-04,2022-11-03,Entregue,5.1174
524,159,58,FOB,Marítimo,2022-07-05,2022-08-22,2022-08-27,Atrasado,4.9258
525,189,24,CIF,Marítimo,2023-02-20,2023-03-28,2023-03-26,Entregue,4.8883
526,108,20,FOB,Marítimo,2022-08-07,2022-09-23,2022-09-22,Entregue,4.8557
527,188,24,FOB,Marítimo,2022-02-21,2022-04-02,2022-04-10,Atrasado,4.9526
528,105,36,CIF,Marítimo,2024-07-09,2024-08-04,2024-08-02,Desembaraçado,5.8
529,117,98,FOB,Marítimo,2023-03-10,2023-05-07,2023-05-07,Entregue,5.255
530,162,36,CIF,Marítimo,2023-04-23,2023-05-22,2023-05-21,Entregue,5.154
531,6,39,EXW,Marítimo,2022-04-04,2022-05-14,2022-05-12,Entregue,4.9482
532,125,12,EXW,Marítimo,2022-07-19,2022-09-11,2022-09-09,Entregue,4.8
533,131,18,FOB,Aéreo,2023-03-28,2023-04-03,2023-04-03,Desembaraçado,5.3043
534,99,26,CIF,Aéreo,2024-04-03,2024-04-13,2024-04-12,Entregue,5.512
535,8,100,EXW,Marítimo,2023-03-13,2023-04-09,2023-04-12,Atrasado,5.1667
536,41,62,CIF,Marítimo,2022-12-11,2023-01-28,2023-02-17,Atrasado,5.0237
537,60,14,FOB,Marítimo,2024-02-10,2024-03-16,2024-03-29,Atrasado,5.1108
538,130,70,EXW,Marítimo,2023-08-05,2023-09-25,2023-10-13,Atrasado,5.2651
539,145,89,CIF,Marítimo,2024-07-11,2024-08-31,2024-08-29,Entregue,5.3379
540,168,76,FOB,Marítimo,2024-10-20,2024-11-19,2024-11-17,Entregue,5.7085
541,184,36,FOB,Marítimo,2022-08-29,2022-10-26,2022-10-25,Desembaraçado,4.9748
542,139,10,CIF,Aéreo,2023-03-26,2023-04-07,2023-04-22,Atrasado,5.1948
543,195,14,FOB,Marítimo,2022-11-02,2022-12-27,2022-12-26,Entregue,4.9584
544,76,94,CIF,Marítimo,2023-08-07,2023-09-14,2023-09-13,Entregue,5.0041
545,105,1,CIF,Aéreo,2022-08-02,2022-08-07,2022-08-07,Entregue,5.2229
546,1,57,CIF,Marítimo,2022-05-26,2022-07-05,2022-07-05,Entregue,4.8
547,64,84,CIF,Marítimo,2023-10-30,2023-12-08,2023-12-06,Entregue,5.47
548,175,76,FOB,Marítimo,2023-02-14,2023-04-04,2023-04-03,Entregue,4.9149
549,165,49,EXW,Marítimo,2022-10-24,2022-12-01,2022-11-30,Entregue,5.0684
550,156,79,CIF,Marítimo,2023-02-02,2023-03-21,2023-03-20,Entregue,5.1501
551,134,61,CIF,Marítimo,2023-07-29,2023-08-31,2023-08-30,Desembaraçado,5.193
552,26,29,FOB,Marítimo,2023-08-28,2023-10-02,2023-10-16,Atrasado,5.2
553,1,35,CIF,Aéreo,2023-04-16,2023-04-22,2023-04-20,Entregue,5.2413
554,69,33,CIF,Aéreo,2024-08-05,2024-08-14,2024-08-12,Entregue,5.5023
555,179,78,FOB,Marítimo,2023-04-01,2023-05-05,2023-05-04,Entregue,5.0364
556,43,98,EXW,Marítimo,2024-10-29,2024-11-25,2024-11-23,Entregue,5.7699
557,50,29,EXW,Aéreo,2024-07-15,2024-07-27,2024-07-27,Entregue,5.4802
558,171,50,FOB,Marítimo,2023-03-23,2023-04-25,2023-04-23,Desembaraçado,5.2656
559,151,44,CIF,Marítimo,2023-09-17,2023-10-22,2023-10-20,Entregue,5.1413
560,126,45,CIF,Marítimo,2022-10-11,2022-11-30,2022-11-29,Entregue,5.0238
561,52,80,FOB,Marítimo,2022-05-25,2022-07-13,2022-07-12,Desembaraçado,4.9159
562,8,85,CIF,Marítimo,2023-03-01,2023-03-31,2023-03-29,Entregue,5.1333
563,129,8,EXW,Marítimo,2024-01-16,2024-02-13,2024-02-20,Atrasado,5.3051
564,86,47,FOB,Marítimo,2022-05-18,2022-07-17,2022-07-15,Desembaraçado,4.8317
565,34,65,CIF,Marítimo,2024-09-06,2024-10-14,2024-10-14,Desembaraçado,5.5324
566,145,26,CIF,Aéreo,2024-05-16,2024-05-25,2024-05-23,Entregue,5.6915
567,136,47,CIF,Marítimo,2022-09-09,2022-11-03,2022-11-01,Entregue,4.9349
568,72,89,CIF,Aéreo,2024-01-24,2024-02-08,2024-02-06,Desembaraçado,5.3743
569,46,68,FOB,Aéreo,2024-03-11,2024-03-18,2024-03-17,Entregue,5.2723
570,142,53,CIF,Marítimo,2024-10-13,2024-11-16,2024-11-16,Desembaraçado,5.6441
571,48,69,FOB,Marítimo,2022-09-28,2022-11-22,2022-11-21,Entregue,4.8
572,194,64,FOB,Marítimo,2022-02-15,2022-03-26,2022-04-08,Atrasado,4.9471
573,198,63,FOB,Marítimo,2023-10-31,2023-12-26,2023-12-25,Entregue,5.2946
574,176,13,CIF,Marítimo,2022-09-28,2022-11-11,2022-11-11,Entregue,5.0425
575,73,77,FOB,Marítimo,2022-04-07,2022-05-11,2022-05-09,Desembaraçado,4.8
576,98,4,FOB,Marítimo,2023-08-08,2023-09-13,2023-09-12,Entregue,5.1999
577,102,19,FOB,Marítimo,2023-05-03,2023-06-04,2023-06-03,Entregue,5.2379
578,23,83,FOB,Marítimo,2023-02-25,2023-04-26,2023-04-26,Entregue,5.1999
579,109,75,FOB,Marítimo,2022-11-29,2023-01-27,2023-01-25,Entregue,4.8733
580,199,89,FOB,Marítimo,2024-07-27,2024-09-10,2024-09-08,Entregue,5.3974
581,143,65,CIF,Marítimo,2024-08-28,2024-10-10,2024-10-09,Entregue,5.376
582,149,19,CIF,Aéreo,2024-06-24,2024-07-04,2024-07-03,Entregue,5.2832
583,60,93,CIF,Marítimo,2022-08-28,2022-10-11,2022-10-31,Atrasado,4.8
584,35,44,FOB,Marítimo,2022-04-23,2022-05-30,2022-05-28,Desembaraçado,4.8478
585,102,90,FOB,Aéreo,2022-06-21,2022-07-04,2022-07-05,Atrasado,4.8
586,74,66,CIF,Marítimo,2023-02-03,2023-03-31,2023-04-13,Atrasado,5.1367
587,174,9,CIF,Marítimo,2024-03-25,2024-04-28,2024-04-28,Entregue,5.5298
588,48,66,FOB,Marítimo,2023-12-21,2024-02-03,2024-02-03,Entregue,5.3016
589,198,28,FOB,Marítimo,2024-05-01,2024-06-23,2024-06-21,Entregue,5.2731
590,37,79,EXW,Marítimo,2022-10-13,2022-11-12,2022-11-10,Entregue,4.8168
591,44,100,EXW,Aéreo,2022-05-16,2022-05-30,2022-05-28,Entregue,5.0676
592,70,46,FOB,Marítimo,2022-12-25,2023-02-23,2023-02-26,Atrasado,5.1368
593,108,43,FOB,Marítimo,2024-02-21,2024-04-04,2024-04-10,Atrasado,5.3569
594,51,15,CIF,Marítimo,2024-10-08,2024-12-07,2024-12-26,Atrasado,5.6072
595,68,21,FOB,Marítimo,2024-08-25,2024-09-26,2024-10-03,Atrasado,5.3594
596,78,68,CIF,Marítimo,2023-05-17,2023-06-12,2023-06-10,Entregue,5.1653
597,117,52,CIF,Aéreo,2024-01-11,2024-01-25,2024-01-25,Entregue,5.4191
598,156,35,CIF,Marítimo,2022-09-02,2022-10-20,2022-10-20,Entregue,5.0083
599,136,16,CIF,Marítimo,2022-10-27,2022-12-11,2022-12-22,Atrasado,5.0553
600,2,49,FOB,Marítimo,2024-05-09,2024-06-25,2024-06-23,Entregue,5.3883
601,77,4,CIF,Aéreo,2023-01-11,2023-01-17,2023-01-15,Entregue,5.0929
602,7,95,EXW,Aéreo,2023-09-09,2023-09-18,2023-09-18,Desembaraçado,5.4209
603,108,74,FOB,Marítimo,2022-10-22,2022-11-16,2022-11-18,Atrasado,4.9562
604,191,56,FOB,Marítimo,2022-11-30,2022-12-31,2022-12-29,Entregue,5.112
605,170,61,EXW,Marítimo,2022-08-22,2022-10-12,2022-10-11,Entregue,5.1429
606,129,44,FOB,Marítimo,2023-12-15,2024-01-28,2024-01-27,Entregue,5.3271
607,120,45,CIF,Aéreo,2023-12-02,2023-12-09,2023-12-19,Atrasado,5.383
608,119,22,FOB,Marítimo,2022-10-19,2022-11-27,2022-12-10,Atrasado,5.0355
609,118,21,CIF,Marítimo,2022-08-17,2022-09-15,2022-09-13,Entregue,4.9374
610,9,15,FOB,Marítimo,2024-11-17,2024-12-15,2024-12-15,Entregue,5.6384
611,10,88,FOB,Marítimo,2022-07-17,2022-08-18,2022-08-18,Entregue,5.0861
612,72,24,CIF,Marítimo,2022-03-01,2022-03-31,2022-03-29,Entregue,4.8083
613,49,26,FOB,Marítimo,2024-10-22,2024-12-01,2024-11-30,Entregue,5.4678
614,152,19,FOB,Marítimo,2023-03-21,2023-04-27,2023-04-25,Desembaraçado,5.0068
615,100,60,EXW,Marítimo,2022-07-22,2022-08-29,2022-08-28,Entregue,5.0753
616,147,36,FOB,Marítimo,2022-08-08,2022-09-13,2022-09-13,Entregue,5.033
617,183,69,FOB,Marítimo,2023-10-06,2023-11-07,2023-11-06,Entregue,5.3464
618,161,21,CIF,Aéreo,2022-03-25,2022-03-31,2022-03-29,Desembaraçado,4.8
619,150,48,CIF,Marítimo,2024-06-28,2024-08-06,2024-08-16,Atrasado,5.3559
620,199,32,EXW,Marítimo,2024-09-01,2024-10-19,2024-10-17,Entregue,5.4435
621,11,10,CIF,Marítimo,2022-06-24,2022-07-26,2022-07-24,Entregue,5.0189
622,185,25,CIF,Aéreo,2022-12-12,2022-12-18,2022-12-25,Atrasado,4.8971
623,2,64,EXW,Marítimo,2022-09-09,2022-10-18,2022-10-28,Atrasado,5.0385
624,67,42,CIF,Aéreo,2023-07-14,2023-07-29,2023-08-12,Atrasado,5.1276
625,118,39,FOB,Marítimo,2024-09-19,2024-11-15,2024-11-15,Desembaraçado,5.671
626,68,90,CIF,Marítimo,2022-10-03,2022-10-29,2022-10-27,Desembaraçado,4.9444
627,102,42,FOB,Marítimo,2023-01-02,2023-02-20,2023-02-28,Atrasado,5.0955
628,36,97,FOB,Marítimo,2022-06-06,2022-08-03,2022-08-03,Entregue,4.9475
629,164,3,CIF,Marítimo,2023-06-20,2023-08-18,2023-08-17,Desembaraçado,4.9998
630,70,41,FOB,Aéreo,2024-05-31,2024-06-06,2024-06-05,Desembaraçado,5.312
631,196,13,FOB,Marítimo,2022-12-29,2023-02-27,2023-02-25,Entregue,4.9811
632,5,44,FOB,Marítimo,2023-10-02,2023-11-20,2023-12-01,Atrasado,5.2845
633,27,32,CIF,Marítimo,2024-08-20,2024-10-14,2024-10-21,Atrasado,5.647
634,50,67,CIF,Marítimo,2024-02-13,2024-03-31,2024-03-29,Entregue,5.3942
635,44,58,FOB,Marítimo,2024-01-21,2024-03-08,2024-03-14,Atrasado,5.5112
636,172,2,FOB,Aéreo,2022-07-19,2022-07-30,2022-07-30,Entregue,4.8045
637,102,81,FOB,Marítimo,2023-04-26,2023-06-09,2023-06-07,Entregue,5.1594
638,116,8,FOB,Marítimo,2022-02-10,2022-04-10,2022-04-09,Entregue,4.8437
639,150,44,CIF,Marítimo,2024-05-12,2024-06-23,2024-06-21,Entregue,5.6055
640,55,80,FOB,Aéreo,2024-03-10,2024-03-20,2024-03-18,Entregue,5.4841
641,106,62,FOB,Marítimo,2024-10-26,2024-12-11,2024-12-10,Entregue,5.7236
642,12,17,CIF,Marítimo,2022-06-04,2022-08-02,2022-08-01,Desembaraçado,4.8798
643,144,12,FOB,Aéreo,2023-04-08,2023-04-22,2023-05-01,Atrasado,5.145
644,30,23,CIF,Marítimo,2023-07-14,2023-08-12,2023-08-10,Entregue,5.2663
645,92,5,CIF,Marítimo,2023-09-11,2023-11-07,2023-11-05,Entregue,5.3685
646,65,30,FOB,Marítimo,2023-05-30,2023-07-26,2023-07-24,Entregue,5.2782
647,149,84,CIF,Marítimo,2023-01-18,2023-03-15,2023-03-14,Desembaraçado,4.9973
648,32,33,CIF,Marítimo,2024-06-07,2024-07-05,2024-07-05,Entregue,5.4947
649,16,76,CIF,Marítimo,2023-09-07,2023-10-29,2023-10-27,Entregue,5.3466
650,142,36,FOB,Aéreo,2023-08-11,2023-08-26,2023-08-25,Entregue,5.3562
651,151,66,FOB,Marítimo,2023-01-29,2023-02-24,2023-02-22,Entregue,4.9111
652,193,75,FOB,Marítimo,2022-03-17,2022-04-23,2022-05-08,Atrasado,4.8
653,67,52,FOB,Aéreo,2022-12-27,2023-01-11,2023-01-09,Entregue,5.0939
654,55,6,EXW,Marítimo,2022-06-21,2022-08-05,2022-08-03,Entregue,4.917
655,163,22,FOB,Marítimo,2022-07-04,2022-08-23,2022-08-22,Entregue,4.9685
656,101,12,CIF,Marítimo,2024-10-21,2024-11-22,2024-11-25,Atrasado,5.5697
657,49,42,FOB,Aéreo,2022-07-04,2022-07-12,2022-08-01,Atrasado,5.2014
658,158,88,FOB,Marítimo,2023-04-29,2023-06-20,2023-06-20,Entregue,5.2448
659,158,78,FOB,Aéreo,2023-06-05,2023-06-19,2023-06-19,Entregue,5.2592
660,180,14,FOB,Aéreo,2024-05-17,2024-05-29,2024-05-27,Entregue,5.5238
661,73,15,FOB,Aéreo,2024-01-24,2024-02-02,2024-02-10,Atrasado,5.2236
662,130,35,CIF,Marítimo,2022-04-22,2022-06-01,2022-05-30,Entregue,4.8411
663,20,82,FOB,Aéreo,2022-09-07,2022-09-20,2022-09-20,Entregue,5.1175
664,25,54,FOB,Aéreo,2023-06-08,2023-06-17,2023-06-16,Entregue,5.2502
665,33,36,FOB,Aéreo,2024-06-17,2024-07-02,2024-07-02,Entregue,5.3524
666,80,54,EXW,Marítimo,2024-10-03,2024-11-27,2024-11-25,Desembaraçado,5.5926
667,125,52,EXW,Aéreo,2022-11-25,2022-12-04,2022-12-19,Atrasado,4.8
668,25,13,CIF,Marítimo,2023-11-01,2023-12-25,2023-12-25,Entregue,5.3107
669,117,98,FOB,Marítimo,2022-10-06,2022-10-31,2022-10-31,Entregue,5.07
670,96,92,FOB,Marítimo,2023-05-27,2023-07-24,2023-07-22,Entregue,5.1907
671,141,31,CIF,Aéreo,2023-10-17,2023-10-29,2023-10-28,Desembaraçado,4.9451
672,60,63,CIF,Marítimo,2023-11-02,2023-12-15,2023-12-14,Entregue,5.339
673,134,32,FOB,Marítimo,2023-04-05,2023-05-01,2023-04-30,Desembaraçado,5.2099
674,60,23,EXW,Marítimo,2024-08-05,2024-09-11,2024-09-09,Desembaraçado,5.3581
675,31,5,CIF,Marítimo,2022-11-02,2022-12-02,2022-12-01,Entregue,5.0037
676,130,11,CIF,Marítimo,2024-06-10,2024-08-03,2024-08-08,Atrasado,5.6488
677,178,31,FOB,Marítimo,2023-06-30,2023-08-12,2023-08-11,Entregue,5.1421
678,73,28,CIF,Aéreo,2023-08-03,2023-08-18,2023-09-01,Atrasado,5.186
679,190,7,FOB,Marítimo,2023-06-21,2023-07-31,2023-07-30,Entregue,5.1564
680,4,4,CIF,Marítimo,2022-01-22,2022-03-18,2022-03-17,Entregue,4.8362
681,103,40,FOB,Marítimo,2024-02-25,2024-04-17,2024-04-19,Atrasado,5.4427
682,52,93,FOB,Marítimo,2023-04-26,2023-06-20,2023-07-09,Atrasado,5.3038
683,52,36,CIF,Aéreo,2022-04-04,2022-04-09,2022-04-07,Entregue,4.8
684,63,63,CIF,Aéreo,2022-09-28,2022-10-11,2022-10-09,Entregue,5.1151
685,62,99,EXW,Marítimo,2024-08-16,2024-09-18,2024-09-27,Atrasado,5.3799
686,14,71,FOB,Marítimo,2022-04-01,2022-05-04,2022-05-03,Entregue,4.8
687,86,5,FOB,Aéreo,2023-06-24,2023-07-08,2023-07-06,Entregue,5.2017
688,149,79,FOB,Marítimo,2024-10-03,2024-11-06,2024-11-05,Desembaraçado,5.5355
689,149,10,FOB,Marítimo,2022-04-22,2022-05-31,2022-06-05,Atrasado,4.8
690,133,65,FOB,Marítimo,2024-10-10,2024-11-06,2024-11-06,Desembaraçado,5.6312
691,13,85,FOB,Marítimo,2022-10-31,2022-12-02,2022-11-30,Desembaraçado,5.0778
692,181,82,FOB,Marítimo,2024-11-07,2024-12-19,2024-12-20,Atrasado,5.7118
693,173,32,EXW,Marítimo,2023-01-05,2023-02-25,2023-03-16,Atrasado,4.9582
694,188,11,EXW,Marítimo,2022-02-23,2022-04-07,2022-04-06,Entregue,4.8361
695,191,21,EXW,Marítimo,2022-08-06,2022-09-20,2022-09-18,Desembaraçado,4.82
696,52,82,CIF,Marítimo,2023-07-06,2023-07-31,2023-07-31,Entregue,5.2095
697,180,29,FOB,Aéreo,2022-09-22,2022-09-30,2022-09-28,Entregue,5.175
698,141,64,CIF,Aéreo,2024-02-21,2024-02-27,2024-03-17,Atrasado,5.3621
699,17,9,FOB,Aéreo,2022-02-12,2022-02-20,2022-03-07,Atrasado,4.8078
700,58,60,CIF,Aéreo,2022-09-04,2022-09-13,2022-09-13,Desembaraçado,4.9394
701,21,28,EXW,Aéreo,2022-09-26,2022-10-06,2022-10-04,Entregue,5.1708
702,187,86,EXW,Marítimo,2024-09-02,2024-10-14,2024-10-19,Atrasado,5.6788
703,200,49,FOB,Marítimo,2023-01-17,2023-03-10,2023-03-12,Atrasado,5.0096
704,88,45,CIF,Marítimo,2023-04-05,2023-05-09,2023-05-07,Entregue,5.1653
705,69,32,FOB,Marítimo,2024-06-14,2024-07-14,2024-07-25,Atrasado,5.4693
706,8,77,CIF,Aéreo,2023-09-08,2023-09-16,2023-09-14,Entregue,5.2935
707,200,87,EXW,Marítimo,2024-11-17,2024-12-18,2024-12-16,Entregue,5.5464
708,152,99,CIF,Marítimo,2023-06-03,2023-07-20,2023-07-19,Entregue,5.2116
709,152,17,CIF,Marítimo,2024-08-05,2024-09-10,2024-09-08,Entregue,5.3504
710,139,52,CIF,Marítimo,2023-10-05,2023-11-28,2023-11-28,Entregue,5.1661
711,143,83,EXW,Marítimo,2023-01-19,2023-02-26,2023-02-24,Entregue,4.9623
712,186,5,FOB,Marítimo,2022-02-06,2022-03-03,2022-03-03,Entregue,4.8915
713,5,94,CIF,Marítimo,2024-09-23,2024-11-06,2024-11-06,Entregue,5.4531
714,112,92,CIF,Marítimo,2024-03-19,2024-05-02,2024-04-30,Entregue,5.3902
715,81,95,FOB,Marítimo,2023-01-21,2023-02-16,2023-02-16,Entregue,5.0074
716,73,66,EXW,Marítimo,2023-01-26,2023-02-25,2023-02-23,Entregue,5.1784
717,178,67,FOB,Marítimo,2022-11-09,2023-01-01,2023-01-01,Entregue,5.0683
718,78,41,FOB,Marítimo,2023-08-27,2023-10-16,2023-10-16,Entregue,5.1423
719,122,62,FOB,Aéreo,2024-05-01,2024-05-13,2024-05-19,Atrasado,5.4028
720,164,12,FOB,Aéreo,2024-03-29,2024-04-10,2024-04-09,Entregue,5.4975
721,91,2,EXW,Marítimo,2024-09-26,2024-11-04,2024-11-03,Entregue,5.7258
722,95,16,CIF,Marítimo,2023-07-03,2023-08-23,2023-08-21,Desembaraçado,5.4279
723,32,32,FOB,Aéreo,2024-06-12,2024-06-17,2024-06-24,Atrasado,5.369
724,15,17,CIF,Marítimo,2023-11-26,2024-01-19,2024-01-19,Entregue,5.3649
725,168,18,FOB,Marítimo,2024-01-08,2024-03-03,2024-03-03,Entregue,5.2828
726,59,78,CIF,Marítimo,2024-09-15,2024-10-18,2024-10-16,Entregue,5.3891
727,124,89,FOB,Marítimo,2024-10-08,2024-11-21,2024-11-20,Entregue,5.4988
728,172,32,EXW,Marítimo,2024-01-02,2024-02-06,2024-02-22,Atrasado,5.2584
729,179,46,FOB,Marítimo,2023-04-10,2023-05-12,2023-05-11,Entregue,5.0034
730,39,12,FOB,Marítimo,2022-04-06,2022-06-05,2022-06-05,Entregue,5.0077
731,175,18,CIF,Aéreo,2022-08-02,2022-08-07,2022-08-05,Entregue,4.8112
732,126,8,CIF,Aéreo,2022-08-05,2022-08-19,2022-08-18,Desembaraçado,5.0351
733,46,7,FOB,Marítimo,2022-08-30,2022-10-07,2022-10-06,Desembaraçado,5.1162
734,89,22,CIF,Marítimo,2024-10-17,2024-11-17,2024-11-25,Atrasado,5.471
735,92,29,EXW,Marítimo,2024-06-18,2024-08-08,2024-08-06,Entregue,5.4111
736,180,27,FOB,Aéreo,2024-10-31,2024-11-07,2024-11-06,Entregue,5.6151
737,50,95,CIF,Marítimo,2023-05-18,2023-06-21,2023-06-20,Entregue,5.0339
738,44,77,EXW,Marítimo,2024-04-26,2024-06-16,2024-06-16,Entregue,5.4313
739,22,43,FOB,Marítimo,2022-10-26,2022-11-20,2022-11-25,Atrasado,5.1205
740,3,63,FOB,Marítimo,2022-12-03,2023-01-24,2023-01-24,Entregue,5.1549
741,118,19,EXW,Marítimo,2022-04-29,2022-06-26,2022-06-26,Entregue,5.009
742,111,8,CIF,Marítimo,2023-09-16,2023-10-31,2023-10-29,Entregue,5.293
743,106,58,CIF,Aéreo,2022-10-28,2022-11-08,2022-11-07,Desembaraçado,5.0005
744,106,98,CIF,Marítimo,2024-06-24,2024-08-10,2024-08-30,Atrasado,5.3784
745,10,21,FOB,Marítimo,2022-03-17,2022-05-15,2022-05-14,Entregue,4.9428
746,155,66,CIF,Aéreo,2023-08-05,2023-08-13,2023-08-13,Entregue,5.4104
747,169,13,CIF,Marítimo,2022-02-17,2022-03-15,2022-03-14,Desembaraçado,5.032
748,90,58,CIF,Marítimo,2024-05-15,2024-07-11,2024-07-10,Desembaraçado,5.7654
749,54,12,CIF,Marítimo,2022-09-11,2022-10-09,2022-10-07,Entregue,4.896
750,162,53,FOB,Marítimo,2023-11-26,2024-01-05,2024-01-04,Desembaraçado,5.3996
751,121,20,CIF,Aéreo,2023-04-24,2023-05-04,2023-05-02,Entregue,5.0529
752,70,56,CIF,Marítimo,2024-02-13,2024-04-11,2024-04-11,Entregue,5.3287
753,101,58,EXW,Marítimo,2024-01-10,2024-03-04,2024-03-03,Entregue,5.2576
754,20,10,FOB,Marítimo,2024-05-20,2024-06-22,2024-07-11,Atrasado,5.2028
755,24,99,FOB,Marítimo,2024-11-28,2025-01-17,2025-01-15,Em trânsito,5.6458
756,54,21,FOB,Marítimo,2024-06-20,2024-08-15,2024-08-13,Entregue,5.3724
757,38,46,FOB,Marítimo,2024-07-26,2024-08-28,2024-08-27,Entregue,5.6445
758,20,17,FOB,Marítimo,2024-08-27,2024-09-23,2024-10-07,Atrasado,5.4598
759,119,71,CIF,Aéreo,2024-04-16,2024-04-22,2024-04-20,Entregue,5.6943
760,80,58,FOB,Marítimo,2023-09-17,2023-11-04,2023-11-03,Desembaraçado,5.2337
761,55,4,CIF,Marítimo,2024-05-13,2024-06-10,2024-06-09,Desembaraçado,5.4465
762,158,82,EXW,Marítimo,2024-09-28,2024-10-23,2024-10-21,Entregue,5.4726
763,147,31,CIF,Marítimo,2023-09-27,2023-11-19,2023-12-02,Atrasado,5.1576
764,152,76,CIF,Marítimo,2022-10-11,2022-12-07,2022-12-05,Entregue,5.0591
765,30,58,CIF,Marítimo,2022-07-02,2022-08-22,2022-08-25,Atrasado,5.0506
766,192,19,CIF,Marítimo,2024-06-26,2024-08-07,2024-08-24,Atrasado,5.5638
767,176,45,CIF,Marítimo,2023-09-25,2023-11-24,2023-11-24,Entregue,5.2234
768,183,97,CIF,Marítimo,2022-04-19,2022-06-16,2022-06-16,Entregue,4.8
769,146,63,CIF,Marítimo,2023-01-04,2023-01-30,2023-01-29,Entregue,5.1343
770,47,75,EXW,Marítimo,2024-06-28,2024-07-28,2024-07-26,Desembaraçado,5.3196
771,57,45,CIF,Marítimo,2022-02-17,2022-04-04,2022-04-04,Entregue,4.89
772,148,47,FOB,Marítimo,2022-07-06,2022-08-07,2022-08-07,Entregue,4.81
773,143,70,FOB,Marítimo,2022-07-03,2022-08-06,2022-08-22,Atrasado,4.974
774,138,50,EXW,Marítimo,2023-01-07,2023-02-02,2023-02-02,Entregue,4.9137
775,3,77,FOB,Marítimo,2023-10-26,2023-12-06,2023-12-06,Entregue,5.3847
776,118,70,CIF,Marítimo,2023-04-30,2023-06-25,2023-06-23,Entregue,5.365
777,81,51,FOB,Marítimo,2024-08-09,2024-10-08,2024-10-07,Entregue,5.639
778,93,64,EXW,Marítimo,2022-02-08,2022-03-22,2022-03-22,Entregue,4.8052
779,165,84,CIF,Marítimo,2022-09-15,2022-10-29,2022-10-27,Entregue,4.9702
780,5,100,FOB,Marítimo,2022-10-19,2022-12-06,2022-12-24,Atrasado,5.1857
781,70,90,FOB,Marítimo,2024-07-14,2024-08-10,2024-08-09,Entregue,5.5202
782,163,1,CIF,Marítimo,2022-12-09,2023-01-03,2023-01-10,Atrasado,5.0117
783,24,57,CIF,Marítimo,2023-12-21,2024-01-28,2024-01-26,Desembaraçado,5.2849
784,57,31,CIF,Marítimo,2022-05-24,2022-07-07,2022-07-05,Desembaraçado,4.866
785,84,24,EXW,Marítimo,2024-06-03,2024-07-11,2024-07-10,Entregue,5.4264
786,152,30,CIF,Aéreo,2024-07-16,2024-07-25,2024-08-10,Atrasado,5.4948
787,86,92,CIF,Marítimo,2022-02-02,2022-03-07,2022-03-06,Entregue,4.8
788,14,10,FOB,Marítimo,2022-12-22,2023-02-11,2023-02-27,Atrasado,4.9525
789,80,16,CIF,Aéreo,2022-06-08,2022-06-21,2022-06-19,Entregue,4.8823
790,70,44,EXW,Marítimo,2024-01-04,2024-02-22,2024-02-21,Entregue,5.5393
791,73,45,FOB,Marítimo,2023-01-31,2023-03-25,2023-03-23,Entregue,5.2234
792,21,68,CIF,Marítimo,2023-01-28,2023-02-27,2023-02-27,Entregue,5.3387
793,178,33,FOB,Marítimo,2024-10-08,2024-11-25,2024-11-23,Entregue,5.5399
794,143,82,FOB,Marítimo,2023-02-06,2023-03-28,2023-03-28,Entregue,5.1148
795,160,75,CIF,Marítimo,2022-12-26,2023-01-24,2023-01-22,Entregue,5.078
796,199,21,CIF,Marítimo,2023-04-12,2023-06-09,2023-06-08,Entregue,5.2123
797,170,26,EXW,Marítimo,2023-06-02,2023-08-01,2023-07-30,Entregue,5.0012
798,57,37,EXW,Marítimo,2022-04-17,2022-06-01,2022-06-02,Atrasado,4.8162
799,58,21,CIF,Marítimo,2024-01-11,2024-03-09,2024-03-07,Entregue,5.4517
800,165,88,FOB,Marítimo,2024-07-08,2024-08-22,2024-08-22,Entregue,5.3405
801,49,19,EXW,Aéreo,2023-04-08,2023-04-19,2023-04-17,Desembaraçado,5.1842
802,140,61,FOB,Marítimo,2022-07-18,2022-08-13,2022-09-02,Atrasado,4.9331
803,169,33,FOB,Marítimo,2023-05-28,2023-07-07,2023-07-07,Entregue,5.1338
804,71,86,EXW,Aéreo,2024-11-30,2024-12-08,2024-12-07,Entregue,5.535
805,33,81,CIF,Aéreo,2022-09-13,2022-09-19,2022-09-19,Entregue,5.1132
806,167,86,CIF,Aéreo,2022-09-19,2022-09-24,2022-09-23,Entregue,4.8
807,177,17,FOB,Marítimo,2022-07-28,2022-08-25,2022-08-27,Atrasado,4.8
808,98,65,CIF,Marítimo,2024-04-21,2024-05-30,2024-05-29,Entregue,5.4985
809,74,85,CIF,Marítimo,2024-05-26,2024-06-26,2024-06-24,Entregue,5.5072
810,57,66,FOB,Marítimo,2023-01-30,2023-03-02,2023-03-02,Entregue,4.9902
811,74,98,EXW,Marítimo,2022-09-16,2022-11-12,2022-11-10,Entregue,4.9792
812,167,86,FOB,Marítimo,2022-10-09,2022-11-05,2022-11-03,Entregue,5.1456
813,76,88,CIF,Marítimo,2024-01-03,2024-02-16,2024-02-15,Entregue,5.3141
814,59,10,FOB,Marítimo,2023-12-04,2024-01-16,2024-01-15,Entregue,5.3546
815,99,64,FOB,Marítimo,2023-05-02,2023-06-28,2023-07-02,Atrasado,5.1638
816,32,7,FOB,Marítimo,2023-02-15,2023-03-24,2023-03-22,Entregue,5.2832
817,21,20,CIF,Marítimo,2024-08-15,2024-09-30,2024-10-03,Atrasado,5.7095
818,116,86,FOB,Marítimo,2022-11-29,2022-12-30,2022-12-28,Entregue,5.0826
819,143,85,CIF,Aéreo,2023-04-17,2023-04-29,2023-04-29,Entregue,5.0373
820,14,27,EXW,Aéreo,2024-02-09,2024-02-17,2024-02-17,Entregue,5.4333
821,125,40,FOB,Marítimo,2022-08-24,2022-09-27,2022-09-27,Entregue,5.0827
822,97,42,FOB,Aéreo,2022-03-02,2022-03-10,2022-03-12,Atrasado,4.8358
823,6,39,FOB,Marítimo,2023-05-19,2023-06-24,2023-06-23,Desembaraçado,5.3028
824,178,43,FOB,Aéreo,2022-10-09,2022-10-20,2022-10-25,Atrasado,5.0719
825,147,69,CIF,Marítimo,2024-01-28,2024-03-16,2024-03-14,Entregue,5.1495
826,41,36,EXW,Aéreo,2022-05-14,2022-05-20,2022-05-22,Atrasado,4.9241
827,85,72,FOB,Marítimo,2024-02-06,2024-03-22,2024-03-20,Entregue,5.3223
828,176,82,CIF,Marítimo,2023-01-23,2023-03-23,2023-03-21,Entregue,5.2447
829,42,60,CIF,Marítimo,2022-09-16,2022-11-12,2022-11-10,Entregue,5.1119
830,7,80,CIF,Marítimo,2022-05-13,2022-06-17,2022-06-16,Entregue,4.978
831,131,3,CIF,Marítimo,2023-01-02,2023-02-16,2023-02-14,Entregue,5.3804
832,8,32,CIF,Marítimo,2023-07-04,2023-08-23,2023-09-09,Atrasado,5.2347
833,124,48,EXW,Marítimo,2024-07-14,2024-08-23,2024-08-23,Entregue,5.4715
834,198,19,FOB,Marítimo,2024-02-06,2024-03-18,2024-03-17,Entregue,5.2364
835,32,9,CIF,Marítimo,2023-04-17,2023-05-14,2023-05-13,Desembaraçado,5.157
836,16,1,FOB,Marítimo,2024-01-23,2024-03-19,2024-03-17,Entregue,5.5349
837,63,21,FOB,Marítimo,2022-06-05,2022-07-22,2022-07-22,Entregue,4.8058
838,156,95,CIF,Marítimo,2023-07-21,2023-08-29,2023-09-05,Atrasado,5.3664
839,59,27,FOB,Marítimo,2023-11-06,2023-12-17,2023-12-15,Desembaraçado,5.2344
840,196,25,CIF,Marítimo,2022-10-10,2022-12-08,2022-12-16,Atrasado,5.0453
841,148,34,FOB,Marítimo,2024-04-07,2024-05-27,2024-05-25,Desembaraçado,5.3589
842,189,92,EXW,Marítimo,2022-11-02,2022-12-22,2022-12-21,Entregue,4.8785
843,9,50,CIF,Marítimo,2024-08-17,2024-10-10,2024-10-08,Desembaraçado,5.5554
844,121,11,CIF,Marítimo,2024-05-05,2024-06-12,2024-07-01,Atrasado,5.3914
845,194,47,EXW,Marítimo,2023-09-18,2023-10-13,2023-10-12,Entregue,5.1106
846,131,76,FOB,Marítimo,2024-04-06,2024-06-04,2024-06-16,Atrasado,5.551
847,30,90,EXW,Aéreo,2022-11-11,2022-11-21,2022-11-21,Desembaraçado,4.9812
848,190,33,FOB,Marítimo,2024-02-20,2024-03-29,2024-03-27,Entregue,5.3502
849,163,52,FOB,Marítimo,2024-07-13,2024-08-26,2024-08-25,Desembaraçado,5.5246
850,82,58,EXW,Marítimo,2024-09-27,2024-10-23,2024-10-24,Atrasado,5.6025
851,75,57,FOB,Marítimo,2023-08-20,2023-10-17,2023-10-17,Entregue,5.4814
852,17,69,FOB,Marítimo,2024-04-21,2024-06-10,2024-06-09,Entregue,5.2376
853,108,11,CIF,Marítimo,2024-03-07,2024-04-14,2024-04-13,Desembaraçado,5.3413
854,33,84,CIF,Aéreo,2022-11-22,2022-12-06,2022-12-04,Entregue,5.1243
855,125,16,CIF,Marítimo,2023-07-19,2023-08-25,2023-08-24,Desembaraçado,5.186
856,156,47,CIF,Aéreo,2023-05-21,2023-06-03,2023-06-03,Entregue,5.0986
857,167,70,CIF,Marítimo,2022-07-06,2022-08-18,2022-08-18,Desembaraçado,4.8916
858,200,87,CIF,Aéreo,2024-03-11,2024-03-25,2024-03-23,Entregue,5.4644
859,128,63,CIF,Marítimo,2024-06-03,2024-07-27,2024-07-25,Entregue,5.5688
860,47,38,FOB,Marítimo,2022-03-31,2022-05-10,2022-05-09,Entregue,4.8215
861,143,63,FOB,Marítimo,2022-05-17,2022-06-24,2022-06-23,Entregue,5.0772
862,145,39,EXW,Marítimo,2022-06-06,2022-07-07,2022-07-05,Entregue,4.8554
863,137,99,FOB,Marítimo,2022-04-02,2022-05-26,2022-06-10,Atrasado,4.9715
864,151,59,EXW,Marítimo,2024-03-23,2024-04-19,2024-04-19,Entregue,5.4521
865,91,98,CIF,Marítimo,2024-08-08,2024-10-03,2024-10-01,Entregue,5.3097
866,100,72,EXW,Marítimo,2022-10-15,2022-12-09,2022-12-29,Atrasado,4.8
867,190,35,FOB,Marítimo,2023-08-26,2023-09-27,2023-09-27,Entregue,5.4095
868,84,25,FOB,Marítimo,2023-07-14,2023-08-17,2023-08-15,Entregue,5.175
869,168,88,CIF,Marítimo,2023-03-19,2023-05-11,2023-05-09,Desembaraçado,5.1789
870,110,51,CIF,Marítimo,2022-07-30,2022-09-17,2022-09-17,Entregue,4.8743
871,131,42,CIF,Marítimo,2023-02-18,2023-03-30,2023-03-28,Entregue,5.2117
872,173,71,FOB,Marítimo,2022-01-30,2022-03-17,2022-03-15,Entregue,4.8812
873,63,73,EXW,Marítimo,2022-12-10,2023-01-14,2023-01-12,Entregue,5.1645
874,19,47,CIF,Marítimo,2023-01-24,2023-03-03,2023-03-02,Entregue,5.0285
875,142,38,FOB,Marítimo,2024-01-01,2024-02-15,2024-02-14,Entregue,5.1448
876,142,75,FOB,Marítimo,2023-03-27,2023-04-25,2023-04-23,Entregue,5.2017
877,53,99,FOB,Marítimo,2023-03-24,2023-05-14,2023-05-13,Desembaraçado,5.2255
878,41,68,CIF,Aéreo,2022-12-18,2022-12-27,2022-12-25,Entregue,4.9576
879,68,92,FOB,Marítimo,2022-09-30,2022-11-15,2022-11-28,Atrasado,5.0559
880,110,86,FOB,Marítimo,2022-02-06,2022-03-31,2022-04-02,Atrasado,4.935
881,169,55,FOB,Marítimo,2022-02-13,2022-03-17,2022-03-16,Entregue,4.981
882,176,30,FOB,Marítimo,2022-10-09,2022-11-26,2022-12-08,Atrasado,5.025
883,12,35,FOB,Marítimo,2024-06-27,2024-08-12,2024-08-10,Entregue,5.585
884,149,69,CIF,Aéreo,2024-04-29,2024-05-14,2024-05-14,Desembaraçado,5.3562
885,48,20,FOB,Marítimo,2023-02-26,2023-04-26,2023-04-26,Entregue,5.109
886,189,9,FOB,Marítimo,2024-02-21,2024-04-19,2024-04-19,Desembaraçado,5.2046
887,68,35,CIF,Marítimo,2023-01-30,2023-02-27,2023-02-25,Desembaraçado,5.1746
888,175,40,FOB,Marítimo,2023-02-23,2023-04-04,2023-04-04,Entregue,5.4368
889,76,54,CIF,Marítimo,2023-05-17,2023-07-08,2023-07-26,Atrasado,5.3536
890,105,19,EXW,Marítimo,2023-02-17,2023-03-31,2023-04-17,Atrasado,5.0675
891,26,52,FOB,Aéreo,2022-12-10,2022-12-22,2022-12-20,Entregue,5.3105
892,51,38,FOB,Marítimo,2024-09-14,2024-10-10,2024-10-09,Desembaraçado,5.4085
893,20,29,EXW,Aéreo,2022-11-09,2022-11-22,2022-11-21,Entregue,5.2028
894,92,28,FOB,Marítimo,2024-09-11,2024-10-10,2024-10-08,Entregue,5.6729
895,4,22,FOB,Marítimo,2022-01-27,2022-03-25,2022-03-25,Entregue,4.8
896,91,55,EXW,Aéreo,2024-02-04,2024-02-15,2024-02-15,Entregue,5.2627
897,105,1,EXW,Marítimo,2022-09-12,2022-10-31,2022-10-30,Entregue,4.9161
898,153,82,FOB,Marítimo,2023-12-15,2024-02-10,2024-02-08,Entregue,5.1502
899,145,61,CIF,Marítimo,2024-05-18,2024-06-27,2024-06-25,Entregue,5.3792
900,136,83,CIF,Marítimo,2022-02-27,2022-04-02,2022-04-02,Entregue,4.8384
901,124,65,FOB,Marítimo,2022-11-27,2022-12-22,2022-12-20,Desembaraçado,4.8783
902,99,40,FOB,Aéreo,2022-06-14,2022-06-27,2022-06-27,Entregue,4.8
903,142,35,CIF,Marítimo,2024-10-22,2024-12-20,2024-12-18,Entregue,5.4161
904,177,13,CIF,Marítimo,2022-07-02,2022-08-02,2022-07-31,Entregue,4.8
905,189,49,FOB,Marítimo,2024-03-26,2024-05-09,2024-05-08,Entregue,5.5429
906,177,64,FOB,Marítimo,2024-05-05,2024-07-02,2024-07-01,Entregue,5.3736
907,62,54,FOB,Marítimo,2022-10-03,2022-11-09,2022-11-07,Desembaraçado,4.9876
908,37,49,EXW,Marítimo,2023-01-16,2023-02-22,2023-03-01,Atrasado,5.1663
909,41,17,EXW,Marítimo,2024-04-17,2024-06-09,2024-06-12,Atrasado,5.391
910,167,55,FOB,Marítimo,2022-06-25,2022-08-13,2022-08-12,Entregue,4.8361
911,41,39,CIF,Marítimo,2022-07-26,2022-08-20,2022-08-18,Entregue,5.183
912,147,11,FOB,Aéreo,2023-03-09,2023-03-22,2023-03-22,Entregue,5.1175
913,77,46,CIF,Aéreo,2024-09-22,2024-10-04,2024-10-04,Entregue,5.5038
914,19,76,EXW,Marítimo,2023-10-08,2023-11-17,2023-11-16,Entregue,5.1501
915,72,72,EXW,Marítimo,2023-11-08,2023-12-09,2023-12-09,Entregue,5.1664
916,189,33,FOB,Aéreo,2022-09-09,2022-09-22,2022-09-22,Entregue,5.089
917,45,90,CIF,Marítimo,2024-08-31,2024-10-27,2024-10-27,Entregue,5.549
918,82,18,EXW,Marítimo,2023-10-22,2023-11-17,2023-11-16,Entregue,5.2217
919,194,68,CIF,Marítimo,2023-04-24,2023-06-19,2023-07-05,Atrasado,5.0595
920,82,19,EXW,Marítimo,2024-09-02,2024-10-03,2024-10-02,Entregue,5.268
921,156,40,EXW,Marítimo,2024-10-30,2024-11-26,2024-12-14,Atrasado,5.5609
922,122,15,CIF,Marítimo,2024-08-14,2024-09-18,2024-10-04,Atrasado,5.528
923,41,39,FOB,Marítimo,2022-12-16,2023-01-15,2023-01-13,Entregue,5.2763
924,194,51,FOB,Aéreo,2024-02-25,2024-03-05,2024-03-03,Entregue,5.2624
925,75,77,CIF,Aéreo,2022-10-06,2022-10-19,2022-10-18,Desembaraçado,5.0338
926,28,3,EXW,Marítimo,2022-05-13,2022-06-28,2022-06-26,Entregue,4.9903
927,84,70,CIF,Marítimo,2024-06-13,2024-07-22,2024-08-02,Atrasado,5.4792
928,40,2,FOB,Marítimo,2023-01-21,2023-02-22,2023-02-22,Entregue,5.0001
929,81,41,CIF,Aéreo,2022-01-04,2022-01-13,2022-01-12,Desembaraçado,4.8
930,65,55,FOB,Marítimo,2024-01-18,2024-02-20,2024-02-20,Entregue,5.2842
931,45,79,FOB,Marítimo,2024-08-01,2024-09-15,2024-09-14,Entregue,5.2739
932,23,24,CIF,Marítimo,2023-08-04,2023-09-07,2023-09-07,Entregue,5.324
933,38,28,CIF,Marítimo,2022-09-10,2022-10-22,2022-10-20,Entregue,5.1152
934,164,99,FOB,Marítimo,2023-08-20,2023-10-08,2023-10-08,Entregue,5.2079
935,173,73,EXW,Marítimo,2023-04-06,2023-05-04,2023-05-04,Entregue,5.2659
936,188,98,FOB,Marítimo,2022-11-23,2022-12-19,2022-12-18,Entregue,4.9646
937,32,67,FOB,Marítimo,2024-03-12,2024-05-01,2024-04-30,Desembaraçado,5.6652
938,41,63,CIF,Aéreo,2024-03-17,2024-03-23,2024-03-21,Desembaraçado,5.2406
939,23,75,EXW,Marítimo,2023-09-15,2023-11-08,2023-11-10,Atrasado,5.0474
940,57,100,FOB,Marítimo,2022-10-24,2022-12-01,2022-11-30,Entregue,5.1631
941,124,33,CIF,Marítimo,2022-07-28,2022-08-31,2022-08-30,Entregue,5.124
942,156,37,FOB,Marítimo,2023-12-30,2024-02-23,2024-02-23,Entregue,5.7178
943,7,68,FOB,Marítimo,2024-06-07,2024-07-11,2024-07-09,Entregue,5.4491
944,188,18,FOB,Marítimo,2023-09-12,2023-10-18,2023-10-16,Entregue,5.3171
945,163,43,CIF,Aéreo,2022-07-03,2022-07-15,2022-07-14,Desembaraçado,5.0904
946,139,49,FOB,Marítimo,2022-01-24,2022-02-25,2022-02-23,Entregue,4.8
947,113,38,CIF,Marítimo,2022-02-17,2022-04-13,2022-04-13,Entregue,4.8482
948,176,56,FOB,Marítimo,2024-06-07,2024-07-21,2024-07-21,Entregue,5.6113
949,65,31,EXW,Marítimo,2023-01-14,2023-03-05,2023-03-03,Entregue,4.9871
950,69,30,CIF,Aéreo,2024-09-27,2024-10-03,2024-10-03,Entregue,5.6028
951,120,88,CIF,Aéreo,2023-03-01,2023-03-16,2023-03-16,Desembaraçado,5.1844
952,4,26,FOB,Marítimo,2024-07-04,2024-08-18,2024-08-17,Entregue,5.4887
953,155,46,FOB,Marítimo,2023-06-10,2023-07-07,2023-07-07,Desembaraçado,5.1841
954,51,50,CIF,Marítimo,2024-05-16,2024-06-10,2024-06-08,Entregue,5.4067
955,6,59,CIF,Marítimo,2024-06-30,2024-08-02,2024-08-02,Desembaraçado,5.4801
956,170,37,EXW,Aéreo,2024-11-11,2024-11-19,2024-11-17,Entregue,5.4443
957,170,35,FOB,Marítimo,2023-09-06,2023-10-14,2023-10-13,Entregue,5.2897
958,113,29,FOB,Marítimo,2024-05-14,2024-06-12,2024-06-10,Entregue,5.5581
959,77,59,FOB,Aéreo,2022-06-20,2022-06-29,2022-06-29,Entregue,4.9149
960,109,96,CIF,Marítimo,2023-07-06,2023-08-12,2023-08-21,Atrasado,5.268
961,22,68,CIF,Aéreo,2024-05-09,2024-05-16,2024-05-30,Atrasado,5.4437
962,141,34,FOB,Aéreo,2023-07-08,2023-07-14,2023-07-13,Entregue,5.2635
963,109,86,CIF,Marítimo,2024-01-14,2024-02-29,2024-02-29,Desembaraçado,5.4374
964,131,42,FOB,Marítimo,2024-02-12,2024-03-22,2024-03-26,Atrasado,5.3216
965,98,32,CIF,Marítimo,2023-09-20,2023-11-15,2023-12-02,Atrasado,5.1682
966,85,46,CIF,Aéreo,2022-07-22,2022-07-27,2022-07-27,Entregue,5.0187
967,127,21,CIF,Aéreo,2024-04-04,2024-04-16,2024-04-16,Entregue,5.4269
968,129,92,FOB,Marítimo,2022-09-16,2022-10-20,2022-11-04,Atrasado,5.0533
969,191,24,EXW,Marítimo,2023-05-26,2023-07-16,2023-07-14,Entregue,5.1208
970,17,99,CIF,Marítimo,2023-08-11,2023-09-22,2023-09-20,Entregue,5.3091
971,82,86,EXW,Aéreo,2023-09-18,2023-10-03,2023-10-22,Atrasado,5.5052
972,165,85,FOB,Marítimo,2022-06-12,2022-07-11,2022-07-11,Entregue,5.0571
973,8,28,CIF,Marítimo,2024-10-06,2024-10-31,2024-10-31,Entregue,5.6133
974,118,19,FOB,Aéreo,2024-10-16,2024-10-29,2024-10-27,Desembaraçado,5.6575
975,64,91,FOB,Marítimo,2023-01-25,2023-02-19,2023-02-17,Desembaraçado,5.1229
976,173,47,EXW,Marítimo,2022-03-28,2022-05-20,2022-06-09,Atrasado,4.9208
977,140,21,EXW,Aéreo,2022-12-25,2022-12-31,2022-12-29,Entregue,5.1084
978,5,81,FOB,Aéreo,2024-02-16,2024-02-23,2024-02-21,Entregue,5.5789
979,184,20,EXW,Marítimo,2022-08-30,2022-10-12,2022-10-22,Atrasado,4.9184
980,70,17,CIF,Marítimo,2024-03-17,2024-04-24,2024-04-24,Desembaraçado,5.4015
981,115,19,EXW,Aéreo,2024-09-26,2024-10-01,2024-10-01,Entregue,5.442
982,52,96,FOB,Marítimo,2023-12-18,2024-01-23,2024-01-21,Entregue,5.3418
983,70,55,FOB,Marítimo,2024-11-19,2024-12-23,2024-12-21,Entregue,5.418
984,161,62,FOB,Aéreo,2024-08-21,2024-09-01,2024-08-30,Entregue,5.4229
985,151,15,EXW,Marítimo,2022-08-11,2022-10-03,2022-10-02,Desembaraçado,5.056
986,179,53,FOB,Marítimo,2024-01-06,2024-02-12,2024-02-27,Atrasado,5.3751
987,82,92,CIF,Marítimo,2022-03-06,2022-04-10,2022-04-08,Entregue,4.9107
988,4,7,FOB,Aéreo,2024-09-28,2024-10-11,2024-10-09,Entregue,5.6301
989,109,35,CIF,Marítimo,2024-03-29,2024-05-25,2024-05-26,Atrasado,5.3914
990,116,45,FOB,Marítimo,2022-08-09,2022-09-04,2022-09-02,Entregue,4.9473
991,81,81,FOB,Aéreo,2023-12-02,2023-12-13,2023-12-13,Entregue,5.3975
992,189,31,FOB,Marítimo,2022-06-19,2022-08-10,2022-08-08,Entregue,4.8
993,114,96,FOB,Marítimo,2022-08-24,2022-10-04,2022-10-03,Desembaraçado,4.9862
994,64,21,CIF,Marítimo,2022-07-31,2022-09-26,2022-09-25,Desembaraçado,5.0882
995,194,41,CIF,Marítimo,2023-04-15,2023-05-17,2023-05-17,Entregue,5.0453
996,57,94,FOB,Marítimo,2022-02-06,2022-03-15,2022-03-15,Entregue,4.8
997,47,35,CIF,Marítimo,2023-04-19,2023-05-28,2023-05-26,Entregue,5.0914
998,135,67,FOB,Marítimo,2022-08-14,2022-09-25,2022-09-24,Entregue,5.072
999,65,36,EXW,Marítimo,2023-01-08,2023-02-04,2023-02-04,Desembaraçado,5.1415
1000,37,13,EXW,Marítimo,2022-07-26,2022-09-16,2022-09-14,Entregue,5.0408
